ano,mes,selic
2001,MAR,15.12
2001,MAR,15.19
2001,MAR,15.21
2001,MAR,15.11
2001,MAR,15.09
2001,MAR,15.13
2001,MAR,15.13
2001,MAR,15.11
2001,MAR,15.24
2001,MAR,15.32
2001,MAR,15.35
2001,MAR,15.35
2001,MAR,15.85
2001,MAR,15.85
2001,MAR,15.85
2001,MAR,15.85
2001,MAR,15.85
2001,MAR,15.84
2001,MAR,15.84
2001,ABR,15.83
2001,ABR,15.81
2001,ABR,15.81
2001,ABR,15.82
2001,ABR,15.83
2001,ABR,15.81
2001,ABR,15.84
2001,ABR,15.82
2001,ABR,15.85
2001,ABR,15.85
2001,ABR,15.85
2001,ABR,15.87
2001,ABR,16.35
2001,ABR,16.3
2001,ABR,16.3
2001,ABR,16.31
2001,ABR,16.3
2001,ABR,16.31
2001,ABR,16.29
2001,ABR,16.28
2001,MAI,16.25
2001,MAI,16.26
2001,MAI,16.29
2001,MAI,16.28
2001,MAI,16.3
2001,MAI,16.28
2001,MAI,16.3
2001,MAI,16.28
2001,MAI,16.3
2001,MAI,16.3
2001,MAI,16.3
2001,MAI,16.29
2001,MAI,16.3
2001,MAI,16.3
2001,MAI,16.3
2001,MAI,16.33
2001,MAI,16.77
2001,MAI,16.8
2001,MAI,16.8
2001,MAI,16.8
2001,MAI,16.8
2001,MAI,16.8
2001,JUN,16.81
2001,JUN,16.8
2001,JUN,16.78
2001,JUN,16.75
2001,JUN,16.73
2001,JUN,16.69
2001,JUN,16.65
2001,JUN,16.63
2001,JUN,16.67
2001,JUN,16.65
2001,JUN,16.79
2001,JUN,16.8
2001,JUN,16.87
2001,JUN,18.29
2001,JUN,18.27
2001,JUN,18.3
2001,JUN,18.3
2001,JUN,18.31
2001,JUN,18.31
2001,JUN,18.32
2001,JUL,18.32
2001,JUL,18.31
2001,JUL,18.32
2001,JUL,18.31
2001,JUL,18.32
2001,JUL,18.3
2001,JUL,18.32
2001,JUL,18.33
2001,JUL,18.32
2001,JUL,18.32
2001,JUL,18.33
2001,JUL,18.3
2001,JUL,18.37
2001,JUL,19
2001,JUL,19
2001,JUL,18.95
2001,JUL,18.9
2001,JUL,18.93
2001,JUL,18.89
2001,JUL,18.88
2001,JUL,18.9
2001,JUL,18.88
2001,AGO,18.88
2001,AGO,18.88
2001,AGO,18.89
2001,AGO,18.92
2001,AGO,19.02
2001,AGO,19
2001,AGO,19
2001,AGO,19
2001,AGO,18.99
2001,AGO,18.99
2001,AGO,18.97
2001,AGO,19.03
2001,AGO,19.04
2001,AGO,19.05
2001,AGO,19.06
2001,AGO,19.03
2001,AGO,19.03
2001,AGO,19.03
2001,AGO,19.03
2001,AGO,19.01
2001,AGO,18.99
2001,AGO,19.01
2001,AGO,19.05
2001,SET,19.05
2001,SET,19.05
2001,SET,19.06
2001,SET,19.06
2001,SET,19.07
2001,SET,19.05
2001,SET,19.05
2001,SET,19.06
2001,SET,19.06
2001,SET,19.06
2001,SET,19.06
2001,SET,19.06
2001,SET,19.06
2001,SET,19.06
2001,SET,19.07
2001,SET,19.07
2001,SET,19.08
2001,SET,19.09
2001,SET,19.1
2001,OUT,19.1
2001,OUT,19.11
2001,OUT,19.11
2001,OUT,19.1
2001,OUT,19.09
2001,OUT,19.07
2001,OUT,19.06
2001,OUT,19.05
2001,OUT,19.05
2001,OUT,19.05
2001,OUT,19.05
2001,OUT,19.05
2001,OUT,19.05
2001,OUT,19.05
2001,OUT,19.05
2001,OUT,19.05
2001,OUT,19.05
2001,OUT,19.05
2001,OUT,19.05
2001,OUT,19.05
2001,OUT,19.05
2001,OUT,19.05
2001,NOV,19.05
2001,NOV,19.05
2001,NOV,19.04
2001,NOV,19.05
2001,NOV,19.04
2001,NOV,19.04
2001,NOV,19.05
2001,NOV,19.05
2001,NOV,19.05
2001,NOV,19.05
2001,NOV,19.05
2001,NOV,19.05
2001,NOV,19.05
2001,NOV,19.05
2001,NOV,19.05
2001,NOV,19.05
2001,NOV,19.05
2001,NOV,19.05
2001,NOV,19.05
2001,NOV,19.05
2001,DEZ,19.05
2001,DEZ,19.05
2001,DEZ,19.05
2001,DEZ,19.05
2001,DEZ,19.05
2001,DEZ,19.05
2001,DEZ,19.05
2001,DEZ,19.05
2001,DEZ,19.05
2001,DEZ,19.05
2001,DEZ,19.05
2001,DEZ,19.05
2001,DEZ,19.05
2001,DEZ,19.05
2001,DEZ,19.05
2001,DEZ,19.05
2001,DEZ,19.05
2001,DEZ,19.05
2001,DEZ,19.05
2001,DEZ,19.05
2002,JAN,19.05
2002,JAN,19.05
2002,JAN,19.05
2002,JAN,19.05
2002,JAN,19.05
2002,JAN,19.05
2002,JAN,19.05
2002,JAN,19.05
2002,JAN,19.05
2002,JAN,19.05
2002,JAN,19.05
2002,JAN,19.05
2002,JAN,19.05
2002,JAN,19.05
2002,JAN,19.05
2002,JAN,19.05
2002,JAN,19.05
2002,JAN,19.05
2002,JAN,19.05
2002,JAN,19.05
2002,JAN,19.05
2002,JAN,19.05
2002,FEV,19.05
2002,FEV,19.05
2002,FEV,19.05
2002,FEV,19.05
2002,FEV,19.05
2002,FEV,19.05
2002,FEV,19.05
2002,FEV,19.05
2002,FEV,19.05
2002,FEV,19.05
2002,FEV,19.05
2002,FEV,19.05
2002,FEV,18.8
2002,FEV,18.8
2002,FEV,18.8
2002,FEV,18.8
2002,FEV,18.8
2002,FEV,18.79
2002,MAR,18.8
2002,MAR,18.8
2002,MAR,18.8
2002,MAR,18.8
2002,MAR,18.8
2002,MAR,18.8
2002,MAR,18.8
2002,MAR,18.8
2002,MAR,18.8
2002,MAR,18.8
2002,MAR,18.8
2002,MAR,18.8
2002,MAR,18.8
2002,MAR,18.79
2002,MAR,18.55
2002,MAR,18.54
2002,MAR,18.55
2002,MAR,18.55
2002,MAR,18.54
2002,MAR,18.52
2002,ABR,18.47
2002,ABR,18.4
2002,ABR,18.4
2002,ABR,18.4
2002,ABR,18.4
2002,ABR,18.4
2002,ABR,18.4
2002,ABR,18.4
2002,ABR,18.4
2002,ABR,18.4
2002,ABR,18.4
2002,ABR,18.4
2002,ABR,18.4
2002,ABR,18.4
2002,ABR,18.39
2002,ABR,18.38
2002,ABR,18.35
2002,ABR,18.34
2002,ABR,18.37
2002,ABR,18.36
2002,ABR,18.28
2002,ABR,18.11
2002,MAI,18.37
2002,MAI,18.34
2002,MAI,18.33
2002,MAI,18.28
2002,MAI,18.27
2002,MAI,18.34
2002,MAI,18.37
2002,MAI,18.4
2002,MAI,18.41
2002,MAI,18.42
2002,MAI,18.42
2002,MAI,18.41
2002,MAI,18.41
2002,MAI,18.4
2002,MAI,18.37
2002,MAI,18.41
2002,MAI,18.42
2002,MAI,18.41
2002,MAI,18.41
2002,MAI,18.33
2002,MAI,18.16
2002,JUN,17.31
2002,JUN,15.9
2002,JUN,16.87
2002,JUN,18
2002,JUN,18.23
2002,JUN,18.31
2002,JUN,18.34
2002,JUN,18.29
2002,JUN,18.32
2002,JUN,18.38
2002,JUN,18.4
2002,JUN,18.4
2002,JUN,18.4
2002,JUN,18.41
2002,JUN,18.41
2002,JUN,18.41
2002,JUN,18.41
2002,JUN,18.41
2002,JUN,18.41
2002,JUN,18.41
2002,JUL,18.41
2002,JUL,18.4
2002,JUL,18.4
2002,JUL,18.39
2002,JUL,18.39
2002,JUL,18.41
2002,JUL,18.41
2002,JUL,18.4
2002,JUL,18.4
2002,JUL,18.39
2002,JUL,18.39
2002,JUL,18.39
2002,JUL,18.39
2002,JUL,17.89
2002,JUL,17.89
2002,JUL,17.89
2002,JUL,17.89
2002,JUL,17.87
2002,JUL,17.87
2002,JUL,17.87
2002,JUL,17.86
2002,JUL,17.84
2002,JUL,17.87
2002,AGO,17.83
2002,AGO,17.84
2002,AGO,17.87
2002,AGO,17.87
2002,AGO,17.86
2002,AGO,17.83
2002,AGO,17.83
2002,AGO,17.83
2002,AGO,17.82
2002,AGO,17.87
2002,AGO,17.87
2002,AGO,17.82
2002,AGO,17.82
2002,AGO,17.87
2002,AGO,17.87
2002,AGO,17.82
2002,AGO,17.81
2002,AGO,17.81
2002,AGO,17.81
2002,AGO,17.87
2002,AGO,17.83
2002,AGO,17.82
2002,SET,17.87
2002,SET,17.87
2002,SET,17.87
2002,SET,17.88
2002,SET,17.89
2002,SET,17.9
2002,SET,17.9
2002,SET,17.9
2002,SET,17.9
2002,SET,17.9
2002,SET,17.9
2002,SET,17.9
2002,SET,17.9
2002,SET,17.9
2002,SET,17.9
2002,SET,17.9
2002,SET,17.9
2002,SET,17.9
2002,SET,17.9
2002,SET,17.9
2002,SET,17.9
2002,OUT,17.9
2002,OUT,17.9
2002,OUT,17.9
2002,OUT,17.9
2002,OUT,17.9
2002,OUT,17.9
2002,OUT,17.9
2002,OUT,17.9
2002,OUT,17.9
2002,OUT,17.9
2002,OUT,20.9
2002,OUT,20.9
2002,OUT,20.9
2002,OUT,20.9
2002,OUT,20.9
2002,OUT,20.9
2002,OUT,20.9
2002,OUT,20.9
2002,OUT,20.9
2002,OUT,20.9
2002,OUT,20.9
2002,OUT,20.9
2002,OUT,20.9
2002,NOV,20.9
2002,NOV,20.9
2002,NOV,20.9
2002,NOV,20.9
2002,NOV,20.9
2002,NOV,20.9
2002,NOV,20.9
2002,NOV,20.9
2002,NOV,20.9
2002,NOV,20.9
2002,NOV,20.9
2002,NOV,20.9
2002,NOV,20.9
2002,NOV,21.9
2002,NOV,21.9
2002,NOV,21.9
2002,NOV,21.9
2002,NOV,21.9
2002,NOV,21.9
2002,NOV,21.9
2002,DEZ,21.9
2002,DEZ,21.9
2002,DEZ,21.9
2002,DEZ,21.9
2002,DEZ,21.9
2002,DEZ,21.9
2002,DEZ,21.9
2002,DEZ,21.9
2002,DEZ,21.9
2002,DEZ,21.9
2002,DEZ,21.9
2002,DEZ,21.9
2002,DEZ,21.9
2002,DEZ,24.9
2002,DEZ,24.9
2002,DEZ,24.9
2002,DEZ,24.9
2002,DEZ,24.9
2002,DEZ,24.9
2002,DEZ,24.9
2002,DEZ,24.9
2003,JAN,24.9
2003,JAN,24.9
2003,JAN,24.9
2003,JAN,24.9
2003,JAN,24.9
2003,JAN,24.9
2003,JAN,24.9
2003,JAN,24.9
2003,JAN,24.9
2003,JAN,24.9
2003,JAN,24.9
2003,JAN,24.9
2003,JAN,24.9
2003,JAN,24.9
2003,JAN,24.9
2003,JAN,25.4
2003,JAN,25.4
2003,JAN,25.4
2003,JAN,25.4
2003,JAN,25.4
2003,JAN,25.39
2003,JAN,25.38
2003,FEV,25.38
2003,FEV,25.4
2003,FEV,25.39
2003,FEV,25.38
2003,FEV,25.37
2003,FEV,25.36
2003,FEV,25.35
2003,FEV,25.34
2003,FEV,25.32
2003,FEV,25.33
2003,FEV,25.32
2003,FEV,25.29
2003,FEV,25.3
2003,FEV,26.26
2003,FEV,26.29
2003,FEV,26.32
2003,FEV,26.31
2003,FEV,26.29
2003,FEV,26.27
2003,FEV,26.28
2003,MAR,26.29
2003,MAR,26.28
2003,MAR,26.29
2003,MAR,26.29
2003,MAR,26.3
2003,MAR,26.3
2003,MAR,26.31
2003,MAR,26.31
2003,MAR,26.32
2003,MAR,26.32
2003,MAR,26.34
2003,MAR,26.34
2003,MAR,26.35
2003,MAR,26.33
2003,MAR,26.33
2003,MAR,26.34
2003,MAR,26.33
2003,MAR,26.32
2003,MAR,26.32
2003,ABR,26.32
2003,ABR,26.31
2003,ABR,26.31
2003,ABR,26.32
2003,ABR,26.32
2003,ABR,26.32
2003,ABR,26.32
2003,ABR,26.32
2003,ABR,26.32
2003,ABR,26.32
2003,ABR,26.32
2003,ABR,26.32
2003,ABR,26.32
2003,ABR,26.32
2003,ABR,26.32
2003,ABR,26.32
2003,ABR,26.32
2003,ABR,26.32
2003,ABR,26.32
2003,ABR,26.32
2003,MAI,26.32
2003,MAI,26.32
2003,MAI,26.32
2003,MAI,26.32
2003,MAI,26.32
2003,MAI,26.32
2003,MAI,26.32
2003,MAI,26.32
2003,MAI,26.32
2003,MAI,26.32
2003,MAI,26.32
2003,MAI,26.32
2003,MAI,26.32
2003,MAI,26.31
2003,MAI,26.31
2003,MAI,26.3
2003,MAI,26.29
2003,MAI,26.28
2003,MAI,26.28
2003,MAI,26.27
2003,MAI,26.27
2003,JUN,26.26
2003,JUN,26.26
2003,JUN,26.26
2003,JUN,26.26
2003,JUN,26.27
2003,JUN,26.27
2003,JUN,26.27
2003,JUN,26.27
2003,JUN,26.26
2003,JUN,26.26
2003,JUN,26.26
2003,JUN,26.26
2003,JUN,26.25
2003,JUN,25.76
2003,JUN,25.76
2003,JUN,25.76
2003,JUN,25.76
2003,JUN,25.76
2003,JUN,25.76
2003,JUN,25.76
2003,JUL,25.76
2003,JUL,25.76
2003,JUL,25.76
2003,JUL,25.76
2003,JUL,25.76
2003,JUL,25.75
2003,JUL,25.75
2003,JUL,25.75
2003,JUL,25.75
2003,JUL,25.74
2003,JUL,25.74
2003,JUL,25.74
2003,JUL,25.73
2003,JUL,25.73
2003,JUL,25.71
2003,JUL,25.7
2003,JUL,25.63
2003,JUL,24.29
2003,JUL,24.29
2003,JUL,24.3
2003,JUL,24.3
2003,JUL,24.3
2003,JUL,24.3
2003,AGO,24.33
2003,AGO,24.34
2003,AGO,24.35
2003,AGO,24.35
2003,AGO,24.36
2003,AGO,24.36
2003,AGO,24.36
2003,AGO,24.35
2003,AGO,24.35
2003,AGO,24.34
2003,AGO,24.33
2003,AGO,24.33
2003,AGO,24.34
2003,AGO,24.21
2003,AGO,21.83
2003,AGO,21.84
2003,AGO,21.84
2003,AGO,21.84
2003,AGO,21.84
2003,AGO,21.83
2003,AGO,21.83
2003,SET,21.83
2003,SET,21.83
2003,SET,21.84
2003,SET,21.84
2003,SET,21.84
2003,SET,21.84
2003,SET,21.84
2003,SET,21.84
2003,SET,21.84
2003,SET,21.84
2003,SET,21.84
2003,SET,21.84
2003,SET,21.83
2003,SET,19.85
2003,SET,19.85
2003,SET,19.85
2003,SET,19.85
2003,SET,19.85
2003,SET,19.85
2003,SET,19.85
2003,SET,19.84
2003,SET,19.84
2003,OUT,19.83
2003,OUT,19.83
2003,OUT,19.84
2003,OUT,19.84
2003,OUT,19.84
2003,OUT,19.84
2003,OUT,19.84
2003,OUT,19.84
2003,OUT,19.84
2003,OUT,19.84
2003,OUT,19.84
2003,OUT,19.84
2003,OUT,19.84
2003,OUT,19.84
2003,OUT,19.84
2003,OUT,19.83
2003,OUT,18.85
2003,OUT,18.85
2003,OUT,18.85
2003,OUT,18.85
2003,OUT,18.85
2003,OUT,18.85
2003,OUT,18.85
2003,NOV,18.85
2003,NOV,18.85
2003,NOV,18.85
2003,NOV,18.85
2003,NOV,18.85
2003,NOV,18.85
2003,NOV,18.85
2003,NOV,18.85
2003,NOV,18.84
2003,NOV,18.84
2003,NOV,18.84
2003,NOV,18.82
2003,NOV,18.81
2003,NOV,17.34
2003,NOV,17.34
2003,NOV,17.34
2003,NOV,17.34
2003,NOV,17.33
2003,NOV,17.33
2003,NOV,17.32
2003,DEZ,17.31
2003,DEZ,17.34
2003,DEZ,17.33
2003,DEZ,17.33
2003,DEZ,17.33
2003,DEZ,17.32
2003,DEZ,17.32
2003,DEZ,17.31
2003,DEZ,17.3
2003,DEZ,17.29
2003,DEZ,17.29
2003,DEZ,17.29
2003,DEZ,17.27
2003,DEZ,16.3
2003,DEZ,16.34
2003,DEZ,16.34
2003,DEZ,16.34
2003,DEZ,16.34
2003,DEZ,16.34
2003,DEZ,16.34
2003,DEZ,16.33
2003,DEZ,16.33
2004,JAN,16.34
2004,JAN,16.34
2004,JAN,16.34
2004,JAN,16.33
2004,JAN,16.33
2004,JAN,16.32
2004,JAN,16.32
2004,JAN,16.32
2004,JAN,16.31
2004,JAN,16.31
2004,JAN,16.3
2004,JAN,16.3
2004,JAN,16.3
2004,JAN,16.28
2004,JAN,16.33
2004,JAN,16.33
2004,JAN,16.33
2004,JAN,16.32
2004,JAN,16.32
2004,JAN,16.3
2004,JAN,16.29
2004,FEV,16.29
2004,FEV,16.29
2004,FEV,16.28
2004,FEV,16.28
2004,FEV,16.27
2004,FEV,16.27
2004,FEV,16.26
2004,FEV,16.27
2004,FEV,16.29
2004,FEV,16.32
2004,FEV,16.33
2004,FEV,16.33
2004,FEV,16.33
2004,FEV,16.33
2004,FEV,16.32
2004,FEV,16.32
2004,FEV,16.31
2004,FEV,16.3
2004,MAR,16.29
2004,MAR,16.29
2004,MAR,16.28
2004,MAR,16.27
2004,MAR,16.3
2004,MAR,16.29
2004,MAR,16.29
2004,MAR,16.28
2004,MAR,16.27
2004,MAR,16.26
2004,MAR,16.25
2004,MAR,16.24
2004,MAR,16.23
2004,MAR,16.02
2004,MAR,16.05
2004,MAR,16.09
2004,MAR,16.12
2004,MAR,16.11
2004,MAR,16.1
2004,MAR,16.11
2004,MAR,16.09
2004,MAR,16.07
2004,MAR,16.11
2004,ABR,16.1
2004,ABR,16.11
2004,ABR,16.11
2004,ABR,16.1
2004,ABR,16.1
2004,ABR,16.09
2004,ABR,16.09
2004,ABR,16.08
2004,ABR,16.06
2004,ABR,15.86
2004,ABR,15.86
2004,ABR,15.88
2004,ABR,15.88
2004,ABR,15.86
2004,ABR,15.85
2004,ABR,15.84
2004,ABR,15.83
2004,ABR,15.82
2004,ABR,15.8
2004,ABR,15.8
2004,MAI,15.79
2004,MAI,15.79
2004,MAI,15.78
2004,MAI,15.77
2004,MAI,15.76
2004,MAI,15.75
2004,MAI,15.74
2004,MAI,15.73
2004,MAI,15.74
2004,MAI,15.77
2004,MAI,15.76
2004,MAI,15.75
2004,MAI,15.73
2004,MAI,15.77
2004,MAI,15.81
2004,MAI,15.8
2004,MAI,15.79
2004,MAI,15.8
2004,MAI,15.79
2004,MAI,15.78
2004,MAI,15.78
2004,JUN,15.78
2004,JUN,15.75
2004,JUN,15.76
2004,JUN,15.79
2004,JUN,15.82
2004,JUN,15.84
2004,JUN,15.82
2004,JUN,15.79
2004,JUN,15.8
2004,JUN,15.82
2004,JUN,15.8
2004,JUN,15.79
2004,JUN,15.79
2004,JUN,15.81
2004,JUN,15.82
2004,JUN,15.79
2004,JUN,15.79
2004,JUN,15.8
2004,JUN,15.81
2004,JUN,15.81
2004,JUN,15.8
2004,JUL,15.8
2004,JUL,15.81
2004,JUL,15.8
2004,JUL,15.8
2004,JUL,15.79
2004,JUL,15.77
2004,JUL,15.77
2004,JUL,15.78
2004,JUL,15.78
2004,JUL,15.76
2004,JUL,15.77
2004,JUL,15.76
2004,JUL,15.76
2004,JUL,15.76
2004,JUL,15.75
2004,JUL,15.75
2004,JUL,15.75
2004,JUL,15.75
2004,JUL,15.75
2004,JUL,15.76
2004,JUL,15.78
2004,JUL,15.82
2004,AGO,15.82
2004,AGO,15.82
2004,AGO,15.83
2004,AGO,15.84
2004,AGO,15.86
2004,AGO,15.86
2004,AGO,15.87
2004,AGO,15.88
2004,AGO,15.88
2004,AGO,15.88
2004,AGO,15.88
2004,AGO,15.88
2004,AGO,15.87
2004,AGO,15.86
2004,AGO,15.85
2004,AGO,15.84
2004,AGO,15.83
2004,AGO,15.84
2004,AGO,15.86
2004,AGO,15.88
2004,AGO,15.91
2004,AGO,15.91
2004,SET,15.92
2004,SET,15.92
2004,SET,15.92
2004,SET,15.92
2004,SET,15.93
2004,SET,15.93
2004,SET,15.94
2004,SET,15.95
2004,SET,15.97
2004,SET,15.97
2004,SET,16.22
2004,SET,16.23
2004,SET,16.24
2004,SET,16.24
2004,SET,16.24
2004,SET,16.24
2004,SET,16.24
2004,SET,16.24
2004,SET,16.24
2004,SET,16.23
2004,SET,16.24
2004,OUT,16.23
2004,OUT,16.22
2004,OUT,16.2
2004,OUT,16.22
2004,OUT,16.23
2004,OUT,16.24
2004,OUT,16.24
2004,OUT,16.24
2004,OUT,16.24
2004,OUT,16.24
2004,OUT,16.24
2004,OUT,16.24
2004,OUT,16.24
2004,OUT,16.74
2004,OUT,16.74
2004,OUT,16.74
2004,OUT,16.74
2004,OUT,16.74
2004,OUT,16.74
2004,OUT,16.74
2004,NOV,16.74
2004,NOV,16.73
2004,NOV,16.73
2004,NOV,16.73
2004,NOV,16.74
2004,NOV,16.74
2004,NOV,16.74
2004,NOV,16.74
2004,NOV,16.74
2004,NOV,16.74
2004,NOV,16.74
2004,NOV,17.24
2004,NOV,17.24
2004,NOV,17.23
2004,NOV,17.23
2004,NOV,17.24
2004,NOV,17.23
2004,NOV,17.22
2004,NOV,17.22
2004,NOV,17.21
2004,DEZ,17.23
2004,DEZ,17.23
2004,DEZ,17.23
2004,DEZ,17.24
2004,DEZ,17.24
2004,DEZ,17.24
2004,DEZ,17.24
2004,DEZ,17.24
2004,DEZ,17.24
2004,DEZ,17.24
2004,DEZ,17.25
2004,DEZ,17.74
2004,DEZ,17.74
2004,DEZ,17.74
2004,DEZ,17.74
2004,DEZ,17.74
2004,DEZ,17.74
2004,DEZ,17.74
2004,DEZ,17.74
2004,DEZ,17.74
2004,DEZ,17.74
2004,DEZ,17.75
2004,DEZ,17.75
2005,JAN,17.74
2005,JAN,17.74
2005,JAN,17.74
2005,JAN,17.74
2005,JAN,17.74
2005,JAN,17.74
2005,JAN,17.74
2005,JAN,17.74
2005,JAN,17.74
2005,JAN,17.74
2005,JAN,17.74
2005,JAN,17.74
2005,JAN,17.75
2005,JAN,18.24
2005,JAN,18.24
2005,JAN,18.24
2005,JAN,18.24
2005,JAN,18.24
2005,JAN,18.24
2005,JAN,18.24
2005,JAN,18.24
2005,FEV,18.24
2005,FEV,18.25
2005,FEV,18.25
2005,FEV,18.25
2005,FEV,18.25
2005,FEV,18.25
2005,FEV,18.26
2005,FEV,18.26
2005,FEV,18.26
2005,FEV,18.26
2005,FEV,18.75
2005,FEV,18.75
2005,FEV,18.75
2005,FEV,18.75
2005,FEV,18.75
2005,FEV,18.75
2005,FEV,18.75
2005,FEV,18.74
2005,MAR,18.74
2005,MAR,18.74
2005,MAR,18.74
2005,MAR,18.74
2005,MAR,18.75
2005,MAR,18.75
2005,MAR,18.75
2005,MAR,18.75
2005,MAR,18.75
2005,MAR,18.75
2005,MAR,18.75
2005,MAR,18.75
2005,MAR,19.24
2005,MAR,19.24
2005,MAR,19.24
2005,MAR,19.24
2005,MAR,19.24
2005,MAR,19.24
2005,MAR,19.25
2005,MAR,19.25
2005,MAR,19.25
2005,MAR,19.25
2005,ABR,19.24
2005,ABR,19.24
2005,ABR,19.24
2005,ABR,19.24
2005,ABR,19.24
2005,ABR,19.24
2005,ABR,19.24
2005,ABR,19.24
2005,ABR,19.24
2005,ABR,19.24
2005,ABR,19.24
2005,ABR,19.24
2005,ABR,19.24
2005,ABR,19.24
2005,ABR,19.49
2005,ABR,19.49
2005,ABR,19.49
2005,ABR,19.5
2005,ABR,19.5
2005,ABR,19.5
2005,MAI,19.5
2005,MAI,19.51
2005,MAI,19.51
2005,MAI,19.51
2005,MAI,19.51
2005,MAI,19.52
2005,MAI,19.52
2005,MAI,19.52
2005,MAI,19.52
2005,MAI,19.52
2005,MAI,19.52
2005,MAI,19.52
2005,MAI,19.51
2005,MAI,19.76
2005,MAI,19.75
2005,MAI,19.75
2005,MAI,19.75
2005,MAI,19.75
2005,MAI,19.75
2005,MAI,19.75
2005,MAI,19.76
2005,JUN,19.76
2005,JUN,19.75
2005,JUN,19.75
2005,JUN,19.75
2005,JUN,19.75
2005,JUN,19.75
2005,JUN,19.75
2005,JUN,19.75
2005,JUN,19.75
2005,JUN,19.75
2005,JUN,19.75
2005,JUN,19.74
2005,JUN,19.74
2005,JUN,19.74
2005,JUN,19.74
2005,JUN,19.74
2005,JUN,19.74
2005,JUN,19.74
2005,JUN,19.74
2005,JUN,19.74
2005,JUN,19.74
2005,JUN,19.74
2005,JUL,19.73
2005,JUL,19.72
2005,JUL,19.72
2005,JUL,19.72
2005,JUL,19.72
2005,JUL,19.72
2005,JUL,19.72
2005,JUL,19.72
2005,JUL,19.72
2005,JUL,19.72
2005,JUL,19.73
2005,JUL,19.72
2005,JUL,19.72
2005,JUL,19.72
2005,JUL,19.72
2005,JUL,19.72
2005,JUL,19.72
2005,JUL,19.72
2005,JUL,19.72
2005,JUL,19.73
2005,JUL,19.74
2005,AGO,19.74
2005,AGO,19.75
2005,AGO,19.75
2005,AGO,19.76
2005,AGO,19.76
2005,AGO,19.76
2005,AGO,19.76
2005,AGO,19.76
2005,AGO,19.76
2005,AGO,19.76
2005,AGO,19.76
2005,AGO,19.77
2005,AGO,19.75
2005,AGO,19.74
2005,AGO,19.74
2005,AGO,19.74
2005,AGO,19.74
2005,AGO,19.74
2005,AGO,19.74
2005,AGO,19.74
2005,AGO,19.73
2005,AGO,19.73
2005,AGO,19.73
2005,SET,19.74
2005,SET,19.73
2005,SET,19.73
2005,SET,19.74
2005,SET,19.74
2005,SET,19.74
2005,SET,19.74
2005,SET,19.74
2005,SET,19.74
2005,SET,19.49
2005,SET,19.5
2005,SET,19.51
2005,SET,19.51
2005,SET,19.5
2005,SET,19.51
2005,SET,19.5
2005,SET,19.5
2005,SET,19.5
2005,SET,19.52
2005,SET,19.52
2005,SET,19.53
2005,OUT,19.48
2005,OUT,19.46
2005,OUT,19.45
2005,OUT,19.45
2005,OUT,19.45
2005,OUT,19.45
2005,OUT,19.45
2005,OUT,19.45
2005,OUT,19.45
2005,OUT,19.45
2005,OUT,19.45
2005,OUT,19.45
2005,OUT,18.95
2005,OUT,18.95
2005,OUT,18.95
2005,OUT,18.95
2005,OUT,18.95
2005,OUT,18.95
2005,OUT,18.95
2005,OUT,18.95
2005,NOV,18.95
2005,NOV,18.95
2005,NOV,18.96
2005,NOV,18.97
2005,NOV,18.99
2005,NOV,19.01
2005,NOV,19.02
2005,NOV,19.03
2005,NOV,19.03
2005,NOV,19.02
2005,NOV,19.01
2005,NOV,19
2005,NOV,18.98
2005,NOV,18.98
2005,NOV,18.96
2005,NOV,18.46
2005,NOV,18.47
2005,NOV,18.49
2005,NOV,18.5
2005,NOV,18.53
2005,DEZ,18.52
2005,DEZ,18.5
2005,DEZ,18.49
2005,DEZ,18.48
2005,DEZ,18.48
2005,DEZ,18.48
2005,DEZ,18.48
2005,DEZ,18.48
2005,DEZ,18.48
2005,DEZ,18.48
2005,DEZ,18
2005,DEZ,18.03
2005,DEZ,18.04
2005,DEZ,18.04
2005,DEZ,18.04
2005,DEZ,18.04
2005,DEZ,18.04
2005,DEZ,18.04
2005,DEZ,18.04
2005,DEZ,18.04
2005,DEZ,18.05
2005,DEZ,18.05
2006,JAN,17.98
2006,JAN,17.98
2006,JAN,17.97
2006,JAN,17.96
2006,JAN,17.95
2006,JAN,17.95
2006,JAN,17.95
2006,JAN,17.95
2006,JAN,17.95
2006,JAN,17.95
2006,JAN,17.95
2006,JAN,17.95
2006,JAN,17.95
2006,JAN,17.2
2006,JAN,17.2
2006,JAN,17.2
2006,JAN,17.2
2006,JAN,17.21
2006,JAN,17.22
2006,JAN,17.23
2006,JAN,17.23
2006,JAN,17.23
2006,FEV,17.23
2006,FEV,17.24
2006,FEV,17.26
2006,FEV,17.27
2006,FEV,17.28
2006,FEV,17.29
2006,FEV,17.29
2006,FEV,17.29
2006,FEV,17.29
2006,FEV,17.29
2006,FEV,17.29
2006,FEV,17.29
2006,FEV,17.29
2006,FEV,17.29
2006,FEV,17.29
2006,FEV,17.29
2006,FEV,17.29
2006,FEV,17.29
2006,MAR,17.29
2006,MAR,17.29
2006,MAR,17.29
2006,MAR,17.29
2006,MAR,17.29
2006,MAR,17.29
2006,MAR,16.54
2006,MAR,16.54
2006,MAR,16.54
2006,MAR,16.54
2006,MAR,16.54
2006,MAR,16.54
2006,MAR,16.54
2006,MAR,16.54
2006,MAR,16.54
2006,MAR,16.54
2006,MAR,16.54
2006,MAR,16.54
2006,MAR,16.54
2006,MAR,16.54
2006,MAR,16.54
2006,MAR,16.54
2006,MAR,16.54
2006,ABR,16.45
2006,ABR,16.45
2006,ABR,16.45
2006,ABR,16.45
2006,ABR,16.45
2006,ABR,16.45
2006,ABR,16.45
2006,ABR,16.45
2006,ABR,16.45
2006,ABR,16.45
2006,ABR,16.45
2006,ABR,16.44
2006,ABR,15.69
2006,ABR,15.68
2006,ABR,15.68
2006,ABR,15.68
2006,ABR,15.69
2006,ABR,15.7
2006,MAI,15.7
2006,MAI,15.71
2006,MAI,15.71
2006,MAI,15.77
2006,MAI,15.77
2006,MAI,15.77
2006,MAI,15.71
2006,MAI,15.7
2006,MAI,15.75
2006,MAI,15.74
2006,MAI,15.77
2006,MAI,15.68
2006,MAI,15.68
2006,MAI,15.66
2006,MAI,15.66
2006,MAI,15.67
2006,MAI,15.66
2006,MAI,15.67
2006,MAI,15.66
2006,MAI,15.67
2006,MAI,15.66
2006,MAI,15.66
2006,JUN,15.17
2006,JUN,15.16
2006,JUN,15.17
2006,JUN,15.17
2006,JUN,15.17
2006,JUN,15.17
2006,JUN,15.17
2006,JUN,15.18
2006,JUN,15.19
2006,JUN,15.18
2006,JUN,15.18
2006,JUN,15.18
2006,JUN,15.18
2006,JUN,15.18
2006,JUN,15.18
2006,JUN,15.17
2006,JUN,15.18
2006,JUN,15.18
2006,JUN,15.18
2006,JUN,15.18
2006,JUN,15.18
2006,JUL,15.17
2006,JUL,15.18
2006,JUL,15.18
2006,JUL,15.18
2006,JUL,15.18
2006,JUL,15.18
2006,JUL,15.18
2006,JUL,15.18
2006,JUL,15.18
2006,JUL,15.18
2006,JUL,15.16
2006,JUL,15.19
2006,JUL,15.17
2006,JUL,14.66
2006,JUL,14.65
2006,JUL,14.66
2006,JUL,14.66
2006,JUL,14.66
2006,JUL,14.66
2006,JUL,14.65
2006,JUL,14.66
2006,AGO,14.66
2006,AGO,14.66
2006,AGO,14.67
2006,AGO,14.66
2006,AGO,14.66
2006,AGO,14.66
2006,AGO,14.66
2006,AGO,14.66
2006,AGO,14.67
2006,AGO,14.69
2006,AGO,14.7
2006,AGO,14.69
2006,AGO,14.69
2006,AGO,14.74
2006,AGO,14.7
2006,AGO,14.69
2006,AGO,14.68
2006,AGO,14.69
2006,AGO,14.68
2006,AGO,14.69
2006,AGO,14.69
2006,AGO,14.67
2006,AGO,14.18
2006,SET,14.17
2006,SET,14.17
2006,SET,14.18
2006,SET,14.17
2006,SET,14.17
2006,SET,14.17
2006,SET,14.17
2006,SET,14.17
2006,SET,14.17
2006,SET,14.17
2006,SET,14.16
2006,SET,14.17
2006,SET,14.17
2006,SET,14.18
2006,SET,14.17
2006,SET,14.17
2006,SET,14.17
2006,SET,14.17
2006,SET,14.17
2006,SET,14.17
2006,OUT,14.16
2006,OUT,14.16
2006,OUT,14.16
2006,OUT,14.16
2006,OUT,14.17
2006,OUT,14.16
2006,OUT,14.16
2006,OUT,14.16
2006,OUT,14.16
2006,OUT,14.16
2006,OUT,14.16
2006,OUT,14.16
2006,OUT,13.67
2006,OUT,13.65
2006,OUT,13.66
2006,OUT,13.67
2006,OUT,13.68
2006,OUT,13.68
2006,OUT,13.67
2006,OUT,13.68
2006,OUT,13.68
2006,NOV,13.68
2006,NOV,13.67
2006,NOV,13.69
2006,NOV,13.69
2006,NOV,13.69
2006,NOV,13.68
2006,NOV,13.66
2006,NOV,13.68
2006,NOV,13.67
2006,NOV,13.66
2006,NOV,13.66
2006,NOV,13.68
2006,NOV,13.68
2006,NOV,13.66
2006,NOV,13.67
2006,NOV,13.66
2006,NOV,13.66
2006,NOV,13.68
2006,NOV,13.68
2006,NOV,13.18
2006,DEZ,13.18
2006,DEZ,13.18
2006,DEZ,13.19
2006,DEZ,13.18
2006,DEZ,13.18
2006,DEZ,13.18
2006,DEZ,13.19
2006,DEZ,13.18
2006,DEZ,13.19
2006,DEZ,13.19
2006,DEZ,13.18
2006,DEZ,13.19
2006,DEZ,13.19
2006,DEZ,13.19
2006,DEZ,13.19
2006,DEZ,13.19
2006,DEZ,13.19
2006,DEZ,13.18
2006,DEZ,13.19
2006,DEZ,13.19
2007,JAN,13.19
2007,JAN,13.18
2007,JAN,13.19
2007,JAN,13.19
2007,JAN,13.19
2007,JAN,13.19
2007,JAN,13.19
2007,JAN,13.19
2007,JAN,13.18
2007,JAN,13.19
2007,JAN,13.19
2007,JAN,13.19
2007,JAN,13.19
2007,JAN,13.19
2007,JAN,13.19
2007,JAN,13.19
2007,JAN,13.18
2007,JAN,12.94
2007,JAN,12.92
2007,JAN,12.93
2007,JAN,12.93
2007,JAN,12.93
2007,FEV,12.93
2007,FEV,12.93
2007,FEV,12.93
2007,FEV,12.93
2007,FEV,12.93
2007,FEV,12.93
2007,FEV,12.93
2007,FEV,12.93
2007,FEV,12.93
2007,FEV,12.93
2007,FEV,12.93
2007,FEV,12.94
2007,FEV,12.94
2007,FEV,12.94
2007,FEV,12.94
2007,FEV,12.93
2007,FEV,12.93
2007,FEV,12.93
2007,MAR,12.93
2007,MAR,12.93
2007,MAR,12.93
2007,MAR,12.93
2007,MAR,12.93
2007,MAR,12.69
2007,MAR,12.69
2007,MAR,12.69
2007,MAR,12.68
2007,MAR,12.68
2007,MAR,12.68
2007,MAR,12.68
2007,MAR,12.68
2007,MAR,12.68
2007,MAR,12.68
2007,MAR,12.68
2007,MAR,12.68
2007,MAR,12.68
2007,MAR,12.68
2007,MAR,12.68
2007,MAR,12.68
2007,MAR,12.68
2007,ABR,12.68
2007,ABR,12.68
2007,ABR,12.68
2007,ABR,12.69
2007,ABR,12.68
2007,ABR,12.68
2007,ABR,12.68
2007,ABR,12.68
2007,ABR,12.68
2007,ABR,12.68
2007,ABR,12.67
2007,ABR,12.67
2007,ABR,12.43
2007,ABR,12.43
2007,ABR,12.43
2007,ABR,12.43
2007,ABR,12.43
2007,ABR,12.43
2007,ABR,12.43
2007,ABR,12.43
2007,MAI,12.43
2007,MAI,12.43
2007,MAI,12.43
2007,MAI,12.43
2007,MAI,12.43
2007,MAI,12.43
2007,MAI,12.43
2007,MAI,12.43
2007,MAI,12.43
2007,MAI,12.43
2007,MAI,12.43
2007,MAI,12.43
2007,MAI,12.43
2007,MAI,12.43
2007,MAI,12.43
2007,MAI,12.43
2007,MAI,12.43
2007,MAI,12.43
2007,MAI,12.43
2007,MAI,12.43
2007,MAI,12.43
2007,MAI,12.43
2007,JUN,12.43
2007,JUN,12.43
2007,JUN,12.43
2007,JUN,12.43
2007,JUN,11.93
2007,JUN,11.93
2007,JUN,11.93
2007,JUN,11.93
2007,JUN,11.93
2007,JUN,11.93
2007,JUN,11.93
2007,JUN,11.93
2007,JUN,11.93
2007,JUN,11.93
2007,JUN,11.93
2007,JUN,11.93
2007,JUN,11.93
2007,JUN,11.93
2007,JUN,11.93
2007,JUN,11.93
2007,JUL,11.93
2007,JUL,11.93
2007,JUL,11.93
2007,JUL,11.93
2007,JUL,11.93
2007,JUL,11.93
2007,JUL,11.93
2007,JUL,11.93
2007,JUL,11.93
2007,JUL,11.93
2007,JUL,11.93
2007,JUL,11.93
2007,JUL,11.93
2007,JUL,11.43
2007,JUL,11.43
2007,JUL,11.43
2007,JUL,11.43
2007,JUL,11.43
2007,JUL,11.43
2007,JUL,11.43
2007,JUL,11.43
2007,JUL,11.43
2007,AGO,11.43
2007,AGO,11.43
2007,AGO,11.43
2007,AGO,11.43
2007,AGO,11.43
2007,AGO,11.43
2007,AGO,11.43
2007,AGO,11.43
2007,AGO,11.42
2007,AGO,11.43
2007,AGO,11.43
2007,AGO,11.43
2007,AGO,11.43
2007,AGO,11.43
2007,AGO,11.43
2007,AGO,11.43
2007,AGO,11.43
2007,AGO,11.43
2007,AGO,11.43
2007,AGO,11.43
2007,AGO,11.43
2007,AGO,11.43
2007,AGO,11.43
2007,SET,11.43
2007,SET,11.43
2007,SET,11.43
2007,SET,11.18
2007,SET,11.18
2007,SET,11.18
2007,SET,11.18
2007,SET,11.18
2007,SET,11.18
2007,SET,11.18
2007,SET,11.18
2007,SET,11.18
2007,SET,11.18
2007,SET,11.18
2007,SET,11.18
2007,SET,11.18
2007,SET,11.18
2007,SET,11.18
2007,SET,11.18
2007,OUT,11.18
2007,OUT,11.18
2007,OUT,11.18
2007,OUT,11.18
2007,OUT,11.18
2007,OUT,11.18
2007,OUT,11.18
2007,OUT,11.18
2007,OUT,11.18
2007,OUT,11.18
2007,OUT,11.18
2007,OUT,11.18
2007,OUT,11.18
2007,OUT,11.18
2007,OUT,11.18
2007,OUT,11.18
2007,OUT,11.18
2007,OUT,11.18
2007,OUT,11.18
2007,OUT,11.18
2007,OUT,11.17
2007,OUT,11.18
2007,NOV,11.18
2007,NOV,11.18
2007,NOV,11.18
2007,NOV,11.18
2007,NOV,11.18
2007,NOV,11.18
2007,NOV,11.18
2007,NOV,11.18
2007,NOV,11.18
2007,NOV,11.18
2007,NOV,11.18
2007,NOV,11.18
2007,NOV,11.18
2007,NOV,11.18
2007,NOV,11.18
2007,NOV,11.18
2007,NOV,11.18
2007,NOV,11.18
2007,NOV,11.18
2007,NOV,11.18
2007,DEZ,11.18
2007,DEZ,11.18
2007,DEZ,11.18
2007,DEZ,11.18
2007,DEZ,11.18
2007,DEZ,11.18
2007,DEZ,11.18
2007,DEZ,11.18
2007,DEZ,11.18
2007,DEZ,11.18
2007,DEZ,11.18
2007,DEZ,11.18
2007,DEZ,11.18
2007,DEZ,11.18
2007,DEZ,11.18
2007,DEZ,11.18
2007,DEZ,11.18
2007,DEZ,11.18
2007,DEZ,11.18
2007,DEZ,11.18
2008,JAN,11.18
2008,JAN,11.18
2008,JAN,11.18
2008,JAN,11.17
2008,JAN,11.17
2008,JAN,11.18
2008,JAN,11.18
2008,JAN,11.18
2008,JAN,11.18
2008,JAN,11.18
2008,JAN,11.18
2008,JAN,11.18
2008,JAN,11.18
2008,JAN,11.17
2008,JAN,11.18
2008,JAN,11.18
2008,JAN,11.17
2008,JAN,11.18
2008,JAN,11.18
2008,JAN,11.18
2008,JAN,11.18
2008,JAN,11.18
2008,FEV,11.18
2008,FEV,11.18
2008,FEV,11.18
2008,FEV,11.18
2008,FEV,11.18
2008,FEV,11.18
2008,FEV,11.18
2008,FEV,11.18
2008,FEV,11.17
2008,FEV,11.18
2008,FEV,11.18
2008,FEV,11.18
2008,FEV,11.18
2008,FEV,11.18
2008,FEV,11.18
2008,FEV,11.18
2008,FEV,11.18
2008,FEV,11.18
2008,FEV,11.18
2008,MAR,11.18
2008,MAR,11.17
2008,MAR,11.18
2008,MAR,11.18
2008,MAR,11.18
2008,MAR,11.18
2008,MAR,11.18
2008,MAR,11.18
2008,MAR,11.18
2008,MAR,11.18
2008,MAR,11.18
2008,MAR,11.17
2008,MAR,11.18
2008,MAR,11.18
2008,MAR,11.18
2008,MAR,11.18
2008,MAR,11.18
2008,MAR,11.18
2008,MAR,11.18
2008,MAR,11.18
2008,ABR,11.18
2008,ABR,11.13
2008,ABR,11.18
2008,ABR,11.18
2008,ABR,11.18
2008,ABR,11.18
2008,ABR,11.18
2008,ABR,11.18
2008,ABR,11.18
2008,ABR,11.18
2008,ABR,11.18
2008,ABR,11.18
2008,ABR,11.68
2008,ABR,11.65
2008,ABR,11.64
2008,ABR,11.64
2008,ABR,11.62
2008,ABR,11.6
2008,ABR,11.61
2008,ABR,11.61
2008,ABR,11.61
2008,MAI,11.61
2008,MAI,11.61
2008,MAI,11.61
2008,MAI,11.61
2008,MAI,11.6
2008,MAI,11.61
2008,MAI,11.61
2008,MAI,11.62
2008,MAI,11.63
2008,MAI,11.63
2008,MAI,11.64
2008,MAI,11.64
2008,MAI,11.64
2008,MAI,11.64
2008,MAI,11.64
2008,MAI,11.64
2008,MAI,11.64
2008,MAI,11.64
2008,MAI,11.64
2008,MAI,11.64
2008,JUN,11.64
2008,JUN,11.64
2008,JUN,11.64
2008,JUN,12.14
2008,JUN,12.14
2008,JUN,12.14
2008,JUN,12.16
2008,JUN,12.17
2008,JUN,12.17
2008,JUN,12.17
2008,JUN,12.17
2008,JUN,12.17
2008,JUN,12.17
2008,JUN,12.17
2008,JUN,12.17
2008,JUN,12.17
2008,JUN,12.17
2008,JUN,12.17
2008,JUN,12.17
2008,JUN,12.17
2008,JUN,12.17
2008,JUL,12.17
2008,JUL,12.17
2008,JUL,12.17
2008,JUL,12.17
2008,JUL,12.17
2008,JUL,12.17
2008,JUL,12.17
2008,JUL,12.17
2008,JUL,12.17
2008,JUL,12.17
2008,JUL,12.17
2008,JUL,12.17
2008,JUL,12.17
2008,JUL,12.17
2008,JUL,12.17
2008,JUL,12.17
2008,JUL,12.16
2008,JUL,12.91
2008,JUL,12.92
2008,JUL,12.92
2008,JUL,12.92
2008,JUL,12.92
2008,JUL,12.92
2008,AGO,12.92
2008,AGO,12.92
2008,AGO,12.92
2008,AGO,12.92
2008,AGO,12.92
2008,AGO,12.92
2008,AGO,12.92
2008,AGO,12.91
2008,AGO,12.91
2008,AGO,12.92
2008,AGO,12.92
2008,AGO,12.92
2008,AGO,12.92
2008,AGO,12.92
2008,AGO,12.92
2008,AGO,12.92
2008,AGO,12.92
2008,AGO,12.92
2008,AGO,12.92
2008,AGO,12.92
2008,AGO,12.92
2008,SET,12.91
2008,SET,12.92
2008,SET,12.92
2008,SET,12.92
2008,SET,12.92
2008,SET,12.91
2008,SET,12.92
2008,SET,12.92
2008,SET,13.66
2008,SET,13.66
2008,SET,13.66
2008,SET,13.66
2008,SET,13.66
2008,SET,13.66
2008,SET,13.66
2008,SET,13.66
2008,SET,13.66
2008,SET,13.66
2008,SET,13.66
2008,SET,13.66
2008,SET,13.67
2008,SET,13.66
2008,OUT,13.66
2008,OUT,13.67
2008,OUT,13.67
2008,OUT,13.67
2008,OUT,13.67
2008,OUT,13.67
2008,OUT,13.67
2008,OUT,13.67
2008,OUT,13.67
2008,OUT,13.67
2008,OUT,13.67
2008,OUT,13.66
2008,OUT,13.66
2008,OUT,13.66
2008,OUT,13.66
2008,OUT,13.66
2008,OUT,13.66
2008,OUT,13.66
2008,OUT,13.66
2008,OUT,13.66
2008,OUT,13.67
2008,OUT,13.67
2008,OUT,13.65
2008,NOV,13.65
2008,NOV,13.65
2008,NOV,13.65
2008,NOV,13.65
2008,NOV,13.64
2008,NOV,13.64
2008,NOV,13.64
2008,NOV,13.64
2008,NOV,13.64
2008,NOV,13.63
2008,NOV,13.63
2008,NOV,13.63
2008,NOV,13.64
2008,NOV,13.63
2008,NOV,13.63
2008,NOV,13.64
2008,NOV,13.64
2008,NOV,13.64
2008,NOV,13.64
2008,NOV,13.65
2008,DEZ,13.65
2008,DEZ,13.66
2008,DEZ,13.66
2008,DEZ,13.66
2008,DEZ,13.66
2008,DEZ,13.66
2008,DEZ,13.66
2008,DEZ,13.66
2008,DEZ,13.66
2008,DEZ,13.66
2008,DEZ,13.66
2008,DEZ,13.66
2008,DEZ,13.66
2008,DEZ,13.66
2008,DEZ,13.66
2008,DEZ,13.66
2008,DEZ,13.66
2008,DEZ,13.66
2008,DEZ,13.66
2008,DEZ,13.66
2008,DEZ,13.66
2008,DEZ,13.67
2009,JAN,13.67
2009,JAN,13.66
2009,JAN,13.66
2009,JAN,13.66
2009,JAN,13.66
2009,JAN,13.66
2009,JAN,13.66
2009,JAN,13.66
2009,JAN,13.66
2009,JAN,13.66
2009,JAN,13.66
2009,JAN,13.66
2009,JAN,13.65
2009,JAN,13.65
2009,JAN,12.65
2009,JAN,12.66
2009,JAN,12.65
2009,JAN,12.66
2009,JAN,12.66
2009,JAN,12.66
2009,JAN,12.66
2009,FEV,12.66
2009,FEV,12.66
2009,FEV,12.66
2009,FEV,12.66
2009,FEV,12.66
2009,FEV,12.66
2009,FEV,12.66
2009,FEV,12.66
2009,FEV,12.66
2009,FEV,12.66
2009,FEV,12.66
2009,FEV,12.66
2009,FEV,12.66
2009,FEV,12.66
2009,FEV,12.66
2009,FEV,12.66
2009,FEV,12.66
2009,FEV,12.66
2009,MAR,12.66
2009,MAR,12.66
2009,MAR,12.66
2009,MAR,12.66
2009,MAR,12.66
2009,MAR,12.66
2009,MAR,12.66
2009,MAR,12.66
2009,MAR,11.16
2009,MAR,11.16
2009,MAR,11.16
2009,MAR,11.16
2009,MAR,11.16
2009,MAR,11.16
2009,MAR,11.16
2009,MAR,11.16
2009,MAR,11.16
2009,MAR,11.16
2009,MAR,11.16
2009,MAR,11.16
2009,MAR,11.16
2009,MAR,11.16
2009,ABR,11.16
2009,ABR,11.16
2009,ABR,11.16
2009,ABR,11.16
2009,ABR,11.16
2009,ABR,11.16
2009,ABR,11.16
2009,ABR,11.16
2009,ABR,11.16
2009,ABR,11.16
2009,ABR,11.16
2009,ABR,11.16
2009,ABR,11.16
2009,ABR,11.16
2009,ABR,11.16
2009,ABR,11.16
2009,ABR,11.16
2009,ABR,11.16
2009,ABR,11.15
2009,ABR,10.16
2009,MAI,10.16
2009,MAI,10.16
2009,MAI,10.16
2009,MAI,10.16
2009,MAI,10.16
2009,MAI,10.16
2009,MAI,10.15
2009,MAI,10.16
2009,MAI,10.16
2009,MAI,10.16
2009,MAI,10.16
2009,MAI,10.16
2009,MAI,10.16
2009,MAI,10.16
2009,MAI,10.16
2009,MAI,10.16
2009,MAI,10.16
2009,MAI,10.16
2009,MAI,10.16
2009,MAI,10.16
2009,JUN,10.16
2009,JUN,10.16
2009,JUN,10.16
2009,JUN,10.16
2009,JUN,10.16
2009,JUN,10.16
2009,JUN,10.16
2009,JUN,10.15
2009,JUN,9.16
2009,JUN,9.16
2009,JUN,9.16
2009,JUN,9.16
2009,JUN,9.16
2009,JUN,9.16
2009,JUN,9.16
2009,JUN,9.16
2009,JUN,9.16
2009,JUN,9.16
2009,JUN,9.16
2009,JUN,9.16
2009,JUN,9.16
2009,JUL,9.16
2009,JUL,9.16
2009,JUL,9.16
2009,JUL,9.16
2009,JUL,9.16
2009,JUL,9.16
2009,JUL,9.16
2009,JUL,9.16
2009,JUL,9.16
2009,JUL,9.16
2009,JUL,9.16
2009,JUL,9.16
2009,JUL,9.16
2009,JUL,9.16
2009,JUL,9.16
2009,JUL,9.15
2009,JUL,8.66
2009,JUL,8.66
2009,JUL,8.66
2009,JUL,8.65
2009,JUL,8.66
2009,JUL,8.65
2009,JUL,8.65
2009,AGO,8.65
2009,AGO,8.65
2009,AGO,8.65
2009,AGO,8.65
2009,AGO,8.65
2009,AGO,8.65
2009,AGO,8.65
2009,AGO,8.65
2009,AGO,8.65
2009,AGO,8.65
2009,AGO,8.65
2009,AGO,8.65
2009,AGO,8.65
2009,AGO,8.65
2009,AGO,8.65
2009,AGO,8.65
2009,AGO,8.65
2009,AGO,8.65
2009,AGO,8.65
2009,AGO,8.65
2009,AGO,8.65
2009,SET,8.65
2009,SET,8.65
2009,SET,8.65
2009,SET,8.65
2009,SET,8.65
2009,SET,8.65
2009,SET,8.65
2009,SET,8.65
2009,SET,8.65
2009,SET,8.65
2009,SET,8.65
2009,SET,8.65
2009,SET,8.65
2009,SET,8.65
2009,SET,8.65
2009,SET,8.65
2009,SET,8.65
2009,SET,8.65
2009,SET,8.65
2009,SET,8.65
2009,SET,8.65
2009,OUT,8.65
2009,OUT,8.65
2009,OUT,8.65
2009,OUT,8.65
2009,OUT,8.65
2009,OUT,8.65
2009,OUT,8.65
2009,OUT,8.65
2009,OUT,8.65
2009,OUT,8.65
2009,OUT,8.65
2009,OUT,8.65
2009,OUT,8.65
2009,OUT,8.65
2009,OUT,8.65
2009,OUT,8.65
2009,OUT,8.65
2009,OUT,8.65
2009,OUT,8.65
2009,OUT,8.65
2009,OUT,8.65
2009,NOV,8.65
2009,NOV,8.65
2009,NOV,8.65
2009,NOV,8.65
2009,NOV,8.65
2009,NOV,8.65
2009,NOV,8.65
2009,NOV,8.65
2009,NOV,8.65
2009,NOV,8.65
2009,NOV,8.65
2009,NOV,8.65
2009,NOV,8.65
2009,NOV,8.65
2009,NOV,8.65
2009,NOV,8.65
2009,NOV,8.65
2009,NOV,8.65
2009,NOV,8.65
2009,NOV,8.65
2009,DEZ,8.65
2009,DEZ,8.65
2009,DEZ,8.65
2009,DEZ,8.65
2009,DEZ,8.65
2009,DEZ,8.65
2009,DEZ,8.65
2009,DEZ,8.65
2009,DEZ,8.65
2009,DEZ,8.65
2009,DEZ,8.65
2009,DEZ,8.65
2009,DEZ,8.65
2009,DEZ,8.65
2009,DEZ,8.65
2009,DEZ,8.65
2009,DEZ,8.65
2009,DEZ,8.65
2009,DEZ,8.65
2009,DEZ,8.64
2009,DEZ,8.65
2009,DEZ,8.65
2010,JAN,8.65
2010,JAN,8.65
2010,JAN,8.65
2010,JAN,8.65
2010,JAN,8.65
2010,JAN,8.65
2010,JAN,8.65
2010,JAN,8.65
2010,JAN,8.65
2010,JAN,8.65
2010,JAN,8.65
2010,JAN,8.65
2010,JAN,8.65
2010,JAN,8.65
2010,JAN,8.65
2010,JAN,8.65
2010,JAN,8.64
2010,JAN,8.65
2010,JAN,8.65
2010,JAN,8.65
2010,FEV,8.65
2010,FEV,8.65
2010,FEV,8.65
2010,FEV,8.65
2010,FEV,8.65
2010,FEV,8.65
2010,FEV,8.65
2010,FEV,8.65
2010,FEV,8.65
2010,FEV,8.65
2010,FEV,8.65
2010,FEV,8.65
2010,FEV,8.65
2010,FEV,8.65
2010,FEV,8.65
2010,FEV,8.65
2010,FEV,8.65
2010,FEV,8.65
2010,MAR,8.65
2010,MAR,8.65
2010,MAR,8.65
2010,MAR,8.65
2010,MAR,8.65
2010,MAR,8.65
2010,MAR,8.65
2010,MAR,8.65
2010,MAR,8.65
2010,MAR,8.65
2010,MAR,8.65
2010,MAR,8.65
2010,MAR,8.65
2010,MAR,8.65
2010,MAR,8.65
2010,MAR,8.65
2010,MAR,8.65
2010,MAR,8.65
2010,MAR,8.65
2010,MAR,8.65
2010,MAR,8.65
2010,MAR,8.65
2010,MAR,8.65
2010,ABR,8.65
2010,ABR,8.65
2010,ABR,8.65
2010,ABR,8.65
2010,ABR,8.65
2010,ABR,8.65
2010,ABR,8.65
2010,ABR,8.65
2010,ABR,8.65
2010,ABR,8.65
2010,ABR,8.65
2010,ABR,8.65
2010,ABR,8.65
2010,ABR,8.65
2010,ABR,8.64
2010,ABR,8.64
2010,ABR,8.64
2010,ABR,8.64
2010,ABR,9.39
2010,ABR,9.4
2010,MAI,9.4
2010,MAI,9.4
2010,MAI,9.4
2010,MAI,9.4
2010,MAI,9.4
2010,MAI,9.4
2010,MAI,9.4
2010,MAI,9.4
2010,MAI,9.4
2010,MAI,9.4
2010,MAI,9.4
2010,MAI,9.4
2010,MAI,9.4
2010,MAI,9.4
2010,MAI,9.4
2010,MAI,9.39
2010,MAI,9.4
2010,MAI,9.4
2010,MAI,9.4
2010,MAI,9.39
2010,MAI,9.39
2010,JUN,9.4
2010,JUN,9.4
2010,JUN,9.4
2010,JUN,9.4
2010,JUN,9.4
2010,JUN,9.4
2010,JUN,10.15
2010,JUN,10.15
2010,JUN,10.15
2010,JUN,10.15
2010,JUN,10.15
2010,JUN,10.15
2010,JUN,10.15
2010,JUN,10.15
2010,JUN,10.15
2010,JUN,10.15
2010,JUN,10.15
2010,JUN,10.15
2010,JUN,10.16
2010,JUN,10.16
2010,JUN,10.16
2010,JUL,10.16
2010,JUL,10.16
2010,JUL,10.16
2010,JUL,10.16
2010,JUL,10.16
2010,JUL,10.16
2010,JUL,10.16
2010,JUL,10.16
2010,JUL,10.16
2010,JUL,10.16
2010,JUL,10.16
2010,JUL,10.16
2010,JUL,10.16
2010,JUL,10.16
2010,JUL,10.16
2010,JUL,10.66
2010,JUL,10.66
2010,JUL,10.66
2010,JUL,10.66
2010,JUL,10.66
2010,JUL,10.66
2010,JUL,10.66
2010,AGO,10.66
2010,AGO,10.66
2010,AGO,10.66
2010,AGO,10.66
2010,AGO,10.66
2010,AGO,10.66
2010,AGO,10.66
2010,AGO,10.66
2010,AGO,10.66
2010,AGO,10.66
2010,AGO,10.66
2010,AGO,10.66
2010,AGO,10.66
2010,AGO,10.66
2010,AGO,10.66
2010,AGO,10.66
2010,AGO,10.66
2010,AGO,10.66
2010,AGO,10.66
2010,AGO,10.66
2010,AGO,10.66
2010,AGO,10.66
2010,SET,10.66
2010,SET,10.66
2010,SET,10.66
2010,SET,10.66
2010,SET,10.66
2010,SET,10.66
2010,SET,10.66
2010,SET,10.66
2010,SET,10.66
2010,SET,10.66
2010,SET,10.66
2010,SET,10.66
2010,SET,10.66
2010,SET,10.66
2010,SET,10.66
2010,SET,10.66
2010,SET,10.66
2010,SET,10.66
2010,SET,10.66
2010,SET,10.66
2010,SET,10.66
2010,OUT,10.66
2010,OUT,10.66
2010,OUT,10.66
2010,OUT,10.66
2010,OUT,10.66
2010,OUT,10.66
2010,OUT,10.66
2010,OUT,10.66
2010,OUT,10.66
2010,OUT,10.66
2010,OUT,10.66
2010,OUT,10.66
2010,OUT,10.66
2010,OUT,10.66
2010,OUT,10.66
2010,OUT,10.66
2010,OUT,10.66
2010,OUT,10.66
2010,OUT,10.66
2010,OUT,10.66
2010,NOV,10.66
2010,NOV,10.66
2010,NOV,10.66
2010,NOV,10.66
2010,NOV,10.66
2010,NOV,10.66
2010,NOV,10.66
2010,NOV,10.66
2010,NOV,10.66
2010,NOV,10.66
2010,NOV,10.66
2010,NOV,10.66
2010,NOV,10.66
2010,NOV,10.66
2010,NOV,10.66
2010,NOV,10.66
2010,NOV,10.66
2010,NOV,10.66
2010,NOV,10.66
2010,NOV,10.66
2010,DEZ,10.66
2010,DEZ,10.66
2010,DEZ,10.66
2010,DEZ,10.66
2010,DEZ,10.66
2010,DEZ,10.66
2010,DEZ,10.66
2010,DEZ,10.66
2010,DEZ,10.66
2010,DEZ,10.66
2010,DEZ,10.66
2010,DEZ,10.67
2010,DEZ,10.66
2010,DEZ,10.66
2010,DEZ,10.66
2010,DEZ,10.66
2010,DEZ,10.66
2010,DEZ,10.66
2010,DEZ,10.66
2010,DEZ,10.66
2010,DEZ,10.66
2010,DEZ,10.67
2010,DEZ,10.67
2011,JAN,10.67
2011,JAN,10.66
2011,JAN,10.67
2011,JAN,10.66
2011,JAN,10.67
2011,JAN,10.66
2011,JAN,10.66
2011,JAN,10.66
2011,JAN,10.66
2011,JAN,10.66
2011,JAN,10.66
2011,JAN,10.66
2011,JAN,10.66
2011,JAN,11.16
2011,JAN,11.16
2011,JAN,11.16
2011,JAN,11.16
2011,JAN,11.16
2011,JAN,11.17
2011,JAN,11.17
2011,JAN,11.17
2011,FEV,11.16
2011,FEV,11.17
2011,FEV,11.17
2011,FEV,11.17
2011,FEV,11.17
2011,FEV,11.17
2011,FEV,11.17
2011,FEV,11.17
2011,FEV,11.17
2011,FEV,11.17
2011,FEV,11.17
2011,FEV,11.17
2011,FEV,11.17
2011,FEV,11.17
2011,FEV,11.17
2011,FEV,11.17
2011,FEV,11.17
2011,FEV,11.17
2011,FEV,11.17
2011,FEV,11.17
2011,MAR,11.17
2011,MAR,11.17
2011,MAR,11.67
2011,MAR,11.67
2011,MAR,11.67
2011,MAR,11.67
2011,MAR,11.67
2011,MAR,11.67
2011,MAR,11.67
2011,MAR,11.67
2011,MAR,11.67
2011,MAR,11.67
2011,MAR,11.67
2011,MAR,11.67
2011,MAR,11.67
2011,MAR,11.67
2011,MAR,11.67
2011,MAR,11.67
2011,MAR,11.67
2011,MAR,11.67
2011,MAR,11.67
2011,ABR,11.67
2011,ABR,11.67
2011,ABR,11.67
2011,ABR,11.67
2011,ABR,11.67
2011,ABR,11.67
2011,ABR,11.67
2011,ABR,11.67
2011,ABR,11.67
2011,ABR,11.67
2011,ABR,11.67
2011,ABR,11.67
2011,ABR,11.67
2011,ABR,11.67
2011,ABR,11.92
2011,ABR,11.92
2011,ABR,11.92
2011,ABR,11.92
2011,ABR,11.92
2011,MAI,11.92
2011,MAI,11.92
2011,MAI,11.92
2011,MAI,11.92
2011,MAI,11.92
2011,MAI,11.92
2011,MAI,11.92
2011,MAI,11.92
2011,MAI,11.92
2011,MAI,11.92
2011,MAI,11.92
2011,MAI,11.92
2011,MAI,11.92
2011,MAI,11.92
2011,MAI,11.92
2011,MAI,11.92
2011,MAI,11.92
2011,MAI,11.92
2011,MAI,11.92
2011,MAI,11.92
2011,MAI,11.92
2011,MAI,11.92
2011,JUN,11.92
2011,JUN,11.92
2011,JUN,11.92
2011,JUN,11.92
2011,JUN,11.92
2011,JUN,11.92
2011,JUN,12.17
2011,JUN,12.17
2011,JUN,12.17
2011,JUN,12.17
2011,JUN,12.17
2011,JUN,12.17
2011,JUN,12.17
2011,JUN,12.17
2011,JUN,12.17
2011,JUN,12.17
2011,JUN,12.17
2011,JUN,12.17
2011,JUN,12.17
2011,JUN,12.17
2011,JUN,12.17
2011,JUL,12.17
2011,JUL,12.17
2011,JUL,12.17
2011,JUL,12.17
2011,JUL,12.17
2011,JUL,12.17
2011,JUL,12.17
2011,JUL,12.17
2011,JUL,12.17
2011,JUL,12.17
2011,JUL,12.17
2011,JUL,12.17
2011,JUL,12.17
2011,JUL,12.17
2011,JUL,12.42
2011,JUL,12.42
2011,JUL,12.42
2011,JUL,12.42
2011,JUL,12.42
2011,JUL,12.42
2011,JUL,12.42
2011,AGO,12.42
2011,AGO,12.42
2011,AGO,12.42
2011,AGO,12.42
2011,AGO,12.42
2011,AGO,12.42
2011,AGO,12.42
2011,AGO,12.42
2011,AGO,12.42
2011,AGO,12.42
2011,AGO,12.42
2011,AGO,12.42
2011,AGO,12.42
2011,AGO,12.42
2011,AGO,12.42
2011,AGO,12.42
2011,AGO,12.42
2011,AGO,12.42
2011,AGO,12.41
2011,AGO,12.41
2011,AGO,12.41
2011,AGO,12.41
2011,AGO,12.41
2011,SET,11.91
2011,SET,11.91
2011,SET,11.91
2011,SET,11.91
2011,SET,11.91
2011,SET,11.91
2011,SET,11.91
2011,SET,11.91
2011,SET,11.91
2011,SET,11.91
2011,SET,11.91
2011,SET,11.9
2011,SET,11.9
2011,SET,11.9
2011,SET,11.9
2011,SET,11.9
2011,SET,11.9
2011,SET,11.9
2011,SET,11.9
2011,SET,11.9
2011,SET,11.9
2011,OUT,11.9
2011,OUT,11.9
2011,OUT,11.9
2011,OUT,11.9
2011,OUT,11.9
2011,OUT,11.9
2011,OUT,11.9
2011,OUT,11.9
2011,OUT,11.9
2011,OUT,11.9
2011,OUT,11.9
2011,OUT,11.89
2011,OUT,11.4
2011,OUT,11.4
2011,OUT,11.4
2011,OUT,11.4
2011,OUT,11.4
2011,OUT,11.4
2011,OUT,11.4
2011,OUT,11.4
2011,NOV,11.4
2011,NOV,11.4
2011,NOV,11.4
2011,NOV,11.4
2011,NOV,11.4
2011,NOV,11.4
2011,NOV,11.4
2011,NOV,11.4
2011,NOV,11.4
2011,NOV,11.4
2011,NOV,11.4
2011,NOV,11.4
2011,NOV,11.4
2011,NOV,11.4
2011,NOV,11.4
2011,NOV,11.4
2011,NOV,11.4
2011,NOV,11.4
2011,NOV,11.4
2011,NOV,11.4
2011,DEZ,10.9
2011,DEZ,10.9
2011,DEZ,10.9
2011,DEZ,10.9
2011,DEZ,10.9
2011,DEZ,10.9
2011,DEZ,10.9
2011,DEZ,10.9
2011,DEZ,10.9
2011,DEZ,10.9
2011,DEZ,10.9
2011,DEZ,10.9
2011,DEZ,10.9
2011,DEZ,10.9
2011,DEZ,10.9
2011,DEZ,10.9
2011,DEZ,10.9
2011,DEZ,10.9
2011,DEZ,10.9
2011,DEZ,10.9
2011,DEZ,10.9
2011,DEZ,10.91
2012,JAN,10.9
2012,JAN,10.9
2012,JAN,10.9
2012,JAN,10.9
2012,JAN,10.9
2012,JAN,10.9
2012,JAN,10.9
2012,JAN,10.9
2012,JAN,10.9
2012,JAN,10.9
2012,JAN,10.9
2012,JAN,10.9
2012,JAN,10.9
2012,JAN,10.4
2012,JAN,10.4
2012,JAN,10.4
2012,JAN,10.4
2012,JAN,10.4
2012,JAN,10.4
2012,JAN,10.4
2012,JAN,10.4
2012,JAN,10.4
2012,FEV,10.4
2012,FEV,10.4
2012,FEV,10.4
2012,FEV,10.4
2012,FEV,10.4
2012,FEV,10.4
2012,FEV,10.4
2012,FEV,10.4
2012,FEV,10.4
2012,FEV,10.4
2012,FEV,10.4
2012,FEV,10.4
2012,FEV,10.4
2012,FEV,10.4
2012,FEV,10.4
2012,FEV,10.4
2012,FEV,10.4
2012,FEV,10.4
2012,FEV,10.4
2012,MAR,10.4
2012,MAR,10.4
2012,MAR,10.4
2012,MAR,10.4
2012,MAR,10.4
2012,MAR,9.65
2012,MAR,9.65
2012,MAR,9.65
2012,MAR,9.65
2012,MAR,9.65
2012,MAR,9.65
2012,MAR,9.65
2012,MAR,9.65
2012,MAR,9.65
2012,MAR,9.65
2012,MAR,9.65
2012,MAR,9.65
2012,MAR,9.65
2012,MAR,9.65
2012,MAR,9.65
2012,MAR,9.65
2012,MAR,9.65
2012,ABR,9.65
2012,ABR,9.65
2012,ABR,9.65
2012,ABR,9.65
2012,ABR,9.65
2012,ABR,9.65
2012,ABR,9.65
2012,ABR,9.65
2012,ABR,9.65
2012,ABR,9.65
2012,ABR,9.65
2012,ABR,9.65
2012,ABR,8.9
2012,ABR,8.9
2012,ABR,8.9
2012,ABR,8.9
2012,ABR,8.9
2012,ABR,8.9
2012,ABR,8.9
2012,ABR,8.9
2012,MAI,8.9
2012,MAI,8.9
2012,MAI,8.9
2012,MAI,8.9
2012,MAI,8.9
2012,MAI,8.9
2012,MAI,8.9
2012,MAI,8.9
2012,MAI,8.89
2012,MAI,8.89
2012,MAI,8.89
2012,MAI,8.89
2012,MAI,8.89
2012,MAI,8.89
2012,MAI,8.89
2012,MAI,8.89
2012,MAI,8.89
2012,MAI,8.89
2012,MAI,8.89
2012,MAI,8.89
2012,MAI,8.88
2012,MAI,8.39
2012,JUN,8.39
2012,JUN,8.39
2012,JUN,8.39
2012,JUN,8.39
2012,JUN,8.39
2012,JUN,8.39
2012,JUN,8.39
2012,JUN,8.39
2012,JUN,8.39
2012,JUN,8.39
2012,JUN,8.39
2012,JUN,8.39
2012,JUN,8.39
2012,JUN,8.39
2012,JUN,8.39
2012,JUN,8.39
2012,JUN,8.39
2012,JUN,8.39
2012,JUN,8.39
2012,JUN,8.4
2012,JUL,8.39
2012,JUL,8.39
2012,JUL,8.39
2012,JUL,8.39
2012,JUL,8.39
2012,JUL,8.39
2012,JUL,8.39
2012,JUL,8.39
2012,JUL,7.89
2012,JUL,7.89
2012,JUL,7.89
2012,JUL,7.89
2012,JUL,7.89
2012,JUL,7.89
2012,JUL,7.89
2012,JUL,7.89
2012,JUL,7.89
2012,JUL,7.89
2012,JUL,7.89
2012,JUL,7.89
2012,JUL,7.89
2012,JUL,7.89
2012,AGO,7.89
2012,AGO,7.89
2012,AGO,7.89
2012,AGO,7.89
2012,AGO,7.89
2012,AGO,7.89
2012,AGO,7.89
2012,AGO,7.89
2012,AGO,7.89
2012,AGO,7.89
2012,AGO,7.89
2012,AGO,7.89
2012,AGO,7.89
2012,AGO,7.89
2012,AGO,7.89
2012,AGO,7.89
2012,AGO,7.89
2012,AGO,7.89
2012,AGO,7.89
2012,AGO,7.89
2012,AGO,7.89
2012,AGO,7.39
2012,AGO,7.39
2012,SET,7.39
2012,SET,7.39
2012,SET,7.39
2012,SET,7.39
2012,SET,7.39
2012,SET,7.39
2012,SET,7.39
2012,SET,7.39
2012,SET,7.39
2012,SET,7.39
2012,SET,7.39
2012,SET,7.39
2012,SET,7.39
2012,SET,7.39
2012,SET,7.39
2012,SET,7.39
2012,SET,7.39
2012,SET,7.39
2012,SET,7.39
2012,OUT,7.39
2012,OUT,7.39
2012,OUT,7.39
2012,OUT,7.39
2012,OUT,7.39
2012,OUT,7.39
2012,OUT,7.39
2012,OUT,7.39
2012,OUT,7.14
2012,OUT,7.14
2012,OUT,7.14
2012,OUT,7.14
2012,OUT,7.14
2012,OUT,7.14
2012,OUT,7.14
2012,OUT,7.14
2012,OUT,7.14
2012,OUT,7.14
2012,OUT,7.14
2012,OUT,7.14
2012,OUT,7.14
2012,OUT,7.14
2012,NOV,7.14
2012,NOV,7.14
2012,NOV,7.14
2012,NOV,7.14
2012,NOV,7.14
2012,NOV,7.14
2012,NOV,7.14
2012,NOV,7.14
2012,NOV,7.14
2012,NOV,7.14
2012,NOV,7.14
2012,NOV,7.14
2012,NOV,7.14
2012,NOV,7.14
2012,NOV,7.14
2012,NOV,7.14
2012,NOV,7.14
2012,NOV,7.14
2012,NOV,7.14
2012,NOV,7.14
2012,DEZ,7.14
2012,DEZ,7.14
2012,DEZ,7.14
2012,DEZ,7.14
2012,DEZ,7.14
2012,DEZ,7.14
2012,DEZ,7.13
2012,DEZ,7.13
2012,DEZ,7.13
2012,DEZ,7.12
2012,DEZ,7.12
2012,DEZ,7.11
2012,DEZ,7.11
2012,DEZ,7.11
2012,DEZ,7.11
2012,DEZ,7.19
2012,DEZ,7.24
2012,DEZ,7.25
2012,DEZ,7.27
2012,DEZ,7.29
2013,JAN,7.11
2013,JAN,7.11
2013,JAN,7.11
2013,JAN,7.11
2013,JAN,7.11
2013,JAN,7.11
2013,JAN,7.11
2013,JAN,7.11
2013,JAN,7.11
2013,JAN,7.11
2013,JAN,7.11
2013,JAN,7.11
2013,JAN,7.11
2013,JAN,7.11
2013,JAN,7.11
2013,JAN,7.11
2013,JAN,7.11
2013,JAN,7.11
2013,JAN,7.11
2013,JAN,7.11
2013,JAN,7.11
2013,JAN,7.11
2013,FEV,7.11
2013,FEV,7.11
2013,FEV,7.11
2013,FEV,7.11
2013,FEV,7.11
2013,FEV,7.11
2013,FEV,7.11
2013,FEV,7.11
2013,FEV,7.11
2013,FEV,7.11
2013,FEV,7.11
2013,FEV,7.11
2013,FEV,7.11
2013,FEV,7.11
2013,FEV,7.11
2013,FEV,7.18
2013,FEV,7.2
2013,FEV,7.2
2013,MAR,7.14
2013,MAR,7.12
2013,MAR,7.12
2013,MAR,7.14
2013,MAR,7.12
2013,MAR,7.13
2013,MAR,7.13
2013,MAR,7.14
2013,MAR,7.15
2013,MAR,7.16
2013,MAR,7.16
2013,MAR,7.16
2013,MAR,7.16
2013,MAR,7.16
2013,MAR,7.16
2013,MAR,7.16
2013,MAR,7.16
2013,MAR,7.16
2013,MAR,7.16
2013,MAR,7.16
2013,ABR,7.16
2013,ABR,7.16
2013,ABR,7.16
2013,ABR,7.16
2013,ABR,7.16
2013,ABR,7.16
2013,ABR,7.16
2013,ABR,7.16
2013,ABR,7.16
2013,ABR,7.16
2013,ABR,7.16
2013,ABR,7.16
2013,ABR,7.16
2013,ABR,7.41
2013,ABR,7.41
2013,ABR,7.4
2013,ABR,7.4
2013,ABR,7.4
2013,ABR,7.4
2013,ABR,7.4
2013,ABR,7.4
2013,ABR,7.4
2013,MAI,7.4
2013,MAI,7.4
2013,MAI,7.4
2013,MAI,7.4
2013,MAI,7.4
2013,MAI,7.4
2013,MAI,7.4
2013,MAI,7.4
2013,MAI,7.4
2013,MAI,7.4
2013,MAI,7.4
2013,MAI,7.4
2013,MAI,7.4
2013,MAI,7.4
2013,MAI,7.4
2013,MAI,7.4
2013,MAI,7.4
2013,MAI,7.4
2013,MAI,7.4
2013,MAI,7.4
2013,MAI,7.9
2013,JUN,7.9
2013,JUN,7.9
2013,JUN,7.9
2013,JUN,7.9
2013,JUN,7.9
2013,JUN,7.9
2013,JUN,7.9
2013,JUN,7.9
2013,JUN,7.9
2013,JUN,7.9
2013,JUN,7.9
2013,JUN,7.9
2013,JUN,7.9
2013,JUN,7.9
2013,JUN,7.9
2013,JUN,7.9
2013,JUN,7.9
2013,JUN,7.9
2013,JUN,7.9
2013,JUN,7.9
2013,JUL,7.9
2013,JUL,7.9
2013,JUL,7.9
2013,JUL,7.9
2013,JUL,7.9
2013,JUL,7.9
2013,JUL,7.9
2013,JUL,7.9
2013,JUL,8.4
2013,JUL,8.4
2013,JUL,8.4
2013,JUL,8.4
2013,JUL,8.4
2013,JUL,8.4
2013,JUL,8.4
2013,JUL,8.4
2013,JUL,8.4
2013,JUL,8.4
2013,JUL,8.4
2013,JUL,8.4
2013,JUL,8.4
2013,JUL,8.4
2013,JUL,8.4
2013,AGO,8.4
2013,AGO,8.4
2013,AGO,8.4
2013,AGO,8.4
2013,AGO,8.4
2013,AGO,8.4
2013,AGO,8.4
2013,AGO,8.4
2013,AGO,8.4
2013,AGO,8.4
2013,AGO,8.4
2013,AGO,8.4
2013,AGO,8.4
2013,AGO,8.4
2013,AGO,8.4
2013,AGO,8.4
2013,AGO,8.4
2013,AGO,8.4
2013,AGO,8.4
2013,AGO,8.4
2013,AGO,8.9
2013,AGO,8.9
2013,SET,8.9
2013,SET,8.9
2013,SET,8.9
2013,SET,8.9
2013,SET,8.9
2013,SET,8.9
2013,SET,8.9
2013,SET,8.9
2013,SET,8.9
2013,SET,8.9
2013,SET,8.9
2013,SET,8.9
2013,SET,8.9
2013,SET,8.9
2013,SET,8.9
2013,SET,8.9
2013,SET,8.9
2013,SET,8.9
2013,SET,8.9
2013,SET,8.9
2013,SET,8.9
2013,OUT,8.9
2013,OUT,8.9
2013,OUT,8.9
2013,OUT,8.9
2013,OUT,8.9
2013,OUT,8.9
2013,OUT,8.9
2013,OUT,9.4
2013,OUT,9.4
2013,OUT,9.4
2013,OUT,9.4
2013,OUT,9.4
2013,OUT,9.4
2013,OUT,9.4
2013,OUT,9.4
2013,OUT,9.4
2013,OUT,9.4
2013,OUT,9.4
2013,OUT,9.4
2013,OUT,9.4
2013,OUT,9.4
2013,OUT,9.4
2013,OUT,9.4
2013,NOV,9.4
2013,NOV,9.4
2013,NOV,9.4
2013,NOV,9.4
2013,NOV,9.4
2013,NOV,9.4
2013,NOV,9.4
2013,NOV,9.4
2013,NOV,9.4
2013,NOV,9.4
2013,NOV,9.4
2013,NOV,9.4
2013,NOV,9.4
2013,NOV,9.4
2013,NOV,9.4
2013,NOV,9.4
2013,NOV,9.4
2013,NOV,9.4
2013,NOV,9.9
2013,NOV,9.9
2013,DEZ,9.9
2013,DEZ,9.9
2013,DEZ,9.9
2013,DEZ,9.9
2013,DEZ,9.89
2013,DEZ,9.9
2013,DEZ,9.9
2013,DEZ,9.9
2013,DEZ,9.9
2013,DEZ,9.9
2013,DEZ,9.9
2013,DEZ,9.9
2013,DEZ,9.9
2013,DEZ,9.9
2013,DEZ,9.9
2013,DEZ,9.9
2013,DEZ,9.9
2013,DEZ,9.9
2013,DEZ,9.9
2013,DEZ,9.9
2013,DEZ,9.9
2014,JAN,9.9
2014,JAN,9.9
2014,JAN,9.9
2014,JAN,9.9
2014,JAN,9.9
2014,JAN,9.9
2014,JAN,9.9
2014,JAN,9.9
2014,JAN,9.9
2014,JAN,9.9
2014,JAN,10.4
2014,JAN,10.4
2014,JAN,10.4
2014,JAN,10.4
2014,JAN,10.4
2014,JAN,10.4
2014,JAN,10.4
2014,JAN,10.4
2014,JAN,10.4
2014,JAN,10.4
2014,JAN,10.4
2014,JAN,10.4
2014,FEV,10.4
2014,FEV,10.4
2014,FEV,10.4
2014,FEV,10.4
2014,FEV,10.4
2014,FEV,10.4
2014,FEV,10.4
2014,FEV,10.4
2014,FEV,10.4
2014,FEV,10.4
2014,FEV,10.4
2014,FEV,10.4
2014,FEV,10.4
2014,FEV,10.4
2014,FEV,10.4
2014,FEV,10.4
2014,FEV,10.4
2014,FEV,10.4
2014,FEV,10.65
2014,FEV,10.65
2014,MAR,10.65
2014,MAR,10.65
2014,MAR,10.65
2014,MAR,10.65
2014,MAR,10.65
2014,MAR,10.65
2014,MAR,10.65
2014,MAR,10.65
2014,MAR,10.65
2014,MAR,10.65
2014,MAR,10.65
2014,MAR,10.65
2014,MAR,10.65
2014,MAR,10.65
2014,MAR,10.65
2014,MAR,10.65
2014,MAR,10.65
2014,MAR,10.65
2014,MAR,10.65
2014,ABR,10.65
2014,ABR,10.65
2014,ABR,10.9
2014,ABR,10.9
2014,ABR,10.9
2014,ABR,10.9
2014,ABR,10.9
2014,ABR,10.9
2014,ABR,10.9
2014,ABR,10.9
2014,ABR,10.9
2014,ABR,10.9
2014,ABR,10.9
2014,ABR,10.9
2014,ABR,10.9
2014,ABR,10.9
2014,ABR,10.9
2014,ABR,10.9
2014,ABR,10.9
2014,ABR,10.9
2014,MAI,10.9
2014,MAI,10.9
2014,MAI,10.9
2014,MAI,10.9
2014,MAI,10.9
2014,MAI,10.9
2014,MAI,10.9
2014,MAI,10.9
2014,MAI,10.9
2014,MAI,10.9
2014,MAI,10.9
2014,MAI,10.9
2014,MAI,10.9
2014,MAI,10.9
2014,MAI,10.9
2014,MAI,10.9
2014,MAI,10.9
2014,MAI,10.9
2014,MAI,10.9
2014,MAI,10.9
2014,MAI,10.9
2014,JUN,10.9
2014,JUN,10.9
2014,JUN,10.9
2014,JUN,10.9
2014,JUN,10.9
2014,JUN,10.9
2014,JUN,10.9
2014,JUN,10.9
2014,JUN,10.9
2014,JUN,10.9
2014,JUN,10.9
2014,JUN,10.9
2014,JUN,10.9
2014,JUN,10.9
2014,JUN,10.9
2014,JUN,10.9
2014,JUN,10.9
2014,JUN,10.9
2014,JUN,10.9
2014,JUN,10.9
2014,JUL,10.9
2014,JUL,10.9
2014,JUL,10.9
2014,JUL,10.9
2014,JUL,10.9
2014,JUL,10.9
2014,JUL,10.9
2014,JUL,10.9
2014,JUL,10.9
2014,JUL,10.9
2014,JUL,10.9
2014,JUL,10.9
2014,JUL,10.9
2014,JUL,10.9
2014,JUL,10.9
2014,JUL,10.9
2014,JUL,10.9
2014,JUL,10.9
2014,JUL,10.9
2014,JUL,10.9
2014,JUL,10.9
2014,JUL,10.9
2014,JUL,10.9
2014,AGO,10.9
2014,AGO,10.9
2014,AGO,10.9
2014,AGO,10.9
2014,AGO,10.9
2014,AGO,10.9
2014,AGO,10.9
2014,AGO,10.9
2014,AGO,10.9
2014,AGO,10.9
2014,AGO,10.91
2014,AGO,10.9
2014,AGO,10.9
2014,AGO,10.91
2014,AGO,10.91
2014,AGO,10.9
2014,AGO,10.9
2014,AGO,10.9
2014,AGO,10.9
2014,AGO,10.9
2014,AGO,10.9
2014,SET,10.9
2014,SET,10.9
2014,SET,10.9
2014,SET,10.9
2014,SET,10.9
2014,SET,10.9
2014,SET,10.9
2014,SET,10.9
2014,SET,10.9
2014,SET,10.9
2014,SET,10.9
2014,SET,10.9
2014,SET,10.9
2014,SET,10.9
2014,SET,10.9
2014,SET,10.9
2014,SET,10.9
2014,SET,10.9
2014,SET,10.9
2014,SET,10.9
2014,SET,10.9
2014,SET,10.9
2014,OUT,10.9
2014,OUT,10.9
2014,OUT,10.9
2014,OUT,10.9
2014,OUT,10.9
2014,OUT,10.9
2014,OUT,10.9
2014,OUT,10.9
2014,OUT,10.9
2014,OUT,10.9
2014,OUT,10.9
2014,OUT,10.9
2014,OUT,10.9
2014,OUT,10.9
2014,OUT,10.9
2014,OUT,10.9
2014,OUT,10.9
2014,OUT,10.9
2014,OUT,10.9
2014,OUT,10.9
2014,OUT,10.9
2014,OUT,11.15
2014,OUT,11.15
2014,NOV,11.15
2014,NOV,11.15
2014,NOV,11.15
2014,NOV,11.15
2014,NOV,11.15
2014,NOV,11.15
2014,NOV,11.15
2014,NOV,11.15
2014,NOV,11.15
2014,NOV,11.15
2014,NOV,11.15
2014,NOV,11.15
2014,NOV,11.15
2014,NOV,11.15
2014,NOV,11.15
2014,NOV,11.15
2014,NOV,11.15
2014,NOV,11.15
2014,NOV,11.15
2014,NOV,11.15
2014,DEZ,11.15
2014,DEZ,11.15
2014,DEZ,11.15
2014,DEZ,11.65
2014,DEZ,11.65
2014,DEZ,11.65
2014,DEZ,11.65
2014,DEZ,11.65
2014,DEZ,11.65
2014,DEZ,11.65
2014,DEZ,11.65
2014,DEZ,11.65
2014,DEZ,11.65
2014,DEZ,11.65
2014,DEZ,11.65
2014,DEZ,11.65
2014,DEZ,11.65
2014,DEZ,11.65
2014,DEZ,11.65
2014,DEZ,11.65
2014,DEZ,11.65
2014,DEZ,11.65
2015,JAN,11.65
2015,JAN,11.65
2015,JAN,11.65
2015,JAN,11.65
2015,JAN,11.65
2015,JAN,11.65
2015,JAN,11.65
2015,JAN,11.65
2015,JAN,11.65
2015,JAN,11.65
2015,JAN,11.65
2015,JAN,11.65
2015,JAN,11.65
2015,JAN,11.65
2015,JAN,12.15
2015,JAN,12.15
2015,JAN,12.15
2015,JAN,12.15
2015,JAN,12.15
2015,JAN,12.15
2015,JAN,12.15
2015,FEV,12.15
2015,FEV,12.15
2015,FEV,12.15
2015,FEV,12.15
2015,FEV,12.15
2015,FEV,12.15
2015,FEV,12.15
2015,FEV,12.15
2015,FEV,12.15
2015,FEV,12.15
2015,FEV,12.15
2015,FEV,12.15
2015,FEV,12.15
2015,FEV,12.15
2015,FEV,12.15
2015,FEV,12.15
2015,FEV,12.15
2015,FEV,12.15
2015,MAR,12.15
2015,MAR,12.15
2015,MAR,12.15
2015,MAR,12.65
2015,MAR,12.65
2015,MAR,12.65
2015,MAR,12.65
2015,MAR,12.65
2015,MAR,12.65
2015,MAR,12.65
2015,MAR,12.65
2015,MAR,12.65
2015,MAR,12.65
2015,MAR,12.65
2015,MAR,12.65
2015,MAR,12.65
2015,MAR,12.65
2015,MAR,12.65
2015,MAR,12.65
2015,MAR,12.65
2015,MAR,12.65
2015,MAR,12.65
2015,ABR,12.65
2015,ABR,12.65
2015,ABR,12.65
2015,ABR,12.65
2015,ABR,12.65
2015,ABR,12.65
2015,ABR,12.65
2015,ABR,12.65
2015,ABR,12.65
2015,ABR,12.65
2015,ABR,12.65
2015,ABR,12.65
2015,ABR,12.65
2015,ABR,12.65
2015,ABR,12.65
2015,ABR,12.65
2015,ABR,12.66
2015,ABR,12.67
2015,ABR,12.67
2015,ABR,13.15
2015,MAI,13.15
2015,MAI,13.15
2015,MAI,13.15
2015,MAI,13.15
2015,MAI,13.15
2015,MAI,13.15
2015,MAI,13.15
2015,MAI,13.15
2015,MAI,13.15
2015,MAI,13.15
2015,MAI,13.15
2015,MAI,13.15
2015,MAI,13.15
2015,MAI,13.15
2015,MAI,13.15
2015,MAI,13.15
2015,MAI,13.15
2015,MAI,13.15
2015,MAI,13.15
2015,MAI,13.15
2015,JUN,13.15
2015,JUN,13.15
2015,JUN,13.15
2015,JUN,13.65
2015,JUN,13.65
2015,JUN,13.65
2015,JUN,13.65
2015,JUN,13.65
2015,JUN,13.65
2015,JUN,13.65
2015,JUN,13.65
2015,JUN,13.65
2015,JUN,13.65
2015,JUN,13.65
2015,JUN,13.65
2015,JUN,13.65
2015,JUN,13.65
2015,JUN,13.65
2015,JUN,13.65
2015,JUN,13.65
2015,JUN,13.65
2015,JUL,13.65
2015,JUL,13.65
2015,JUL,13.65
2015,JUL,13.65
2015,JUL,13.65
2015,JUL,13.65
2015,JUL,13.65
2015,JUL,13.65
2015,JUL,13.65
2015,JUL,13.65
2015,JUL,13.65
2015,JUL,13.65
2015,JUL,13.65
2015,JUL,13.65
2015,JUL,13.65
2015,JUL,13.65
2015,JUL,13.65
2015,JUL,13.65
2015,JUL,13.65
2015,JUL,13.65
2015,JUL,13.65
2015,JUL,14.15
2015,JUL,14.15
2015,AGO,14.15
2015,AGO,14.15
2015,AGO,14.15
2015,AGO,14.15
2015,AGO,14.15
2015,AGO,14.15
2015,AGO,14.15
2015,AGO,14.15
2015,AGO,14.15
2015,AGO,14.15
2015,AGO,14.15
2015,AGO,14.15
2015,AGO,14.15
2015,AGO,14.15
2015,AGO,14.15
2015,AGO,14.15
2015,AGO,14.15
2015,AGO,14.15
2015,AGO,14.15
2015,AGO,14.15
2015,AGO,14.15
2015,SET,14.15
2015,SET,14.15
2015,SET,14.15
2015,SET,14.15
2015,SET,14.15
2015,SET,14.15
2015,SET,14.15
2015,SET,14.15
2015,SET,14.15
2015,SET,14.15
2015,SET,14.15
2015,SET,14.15
2015,SET,14.15
2015,SET,14.15
2015,SET,14.15
2015,SET,14.15
2015,SET,14.15
2015,SET,14.15
2015,SET,14.15
2015,SET,14.15
2015,SET,14.15
2015,OUT,14.15
2015,OUT,14.15
2015,OUT,14.15
2015,OUT,14.15
2015,OUT,14.15
2015,OUT,14.15
2015,OUT,14.15
2015,OUT,14.15
2015,OUT,14.15
2015,OUT,14.15
2015,OUT,14.15
2015,OUT,14.15
2015,OUT,14.15
2015,OUT,14.15
2015,OUT,14.15
2015,OUT,14.15
2015,OUT,14.15
2015,OUT,14.15
2015,OUT,14.15
2015,OUT,14.15
2015,OUT,14.15
2015,NOV,14.15
2015,NOV,14.15
2015,NOV,14.15
2015,NOV,14.15
2015,NOV,14.15
2015,NOV,14.15
2015,NOV,14.15
2015,NOV,14.15
2015,NOV,14.15
2015,NOV,14.15
2015,NOV,14.15
2015,NOV,14.15
2015,NOV,14.15
2015,NOV,14.15
2015,NOV,14.15
2015,NOV,14.15
2015,NOV,14.15
2015,NOV,14.15
2015,NOV,14.15
2015,NOV,14.15
2015,DEZ,14.15
2015,DEZ,14.15
2015,DEZ,14.15
2015,DEZ,14.15
2015,DEZ,14.15
2015,DEZ,14.15
2015,DEZ,14.15
2015,DEZ,14.15
2015,DEZ,14.15
2015,DEZ,14.15
2015,DEZ,14.15
2015,DEZ,14.15
2015,DEZ,14.15
2015,DEZ,14.15
2015,DEZ,14.15
2015,DEZ,14.15
2015,DEZ,14.15
2015,DEZ,14.15
2015,DEZ,14.15
2015,DEZ,14.15
2015,DEZ,14.15
2015,DEZ,14.15
2016,JAN,14.15
2016,JAN,14.15
2016,JAN,14.15
2016,JAN,14.15
2016,JAN,14.15
2016,JAN,14.15
2016,JAN,14.15
2016,JAN,14.15
2016,JAN,14.15
2016,JAN,14.15
2016,JAN,14.15
2016,JAN,14.15
2016,JAN,14.15
2016,JAN,14.15
2016,JAN,14.15
2016,JAN,14.15
2016,JAN,14.15
2016,JAN,14.15
2016,JAN,14.15
2016,JAN,14.15
2016,FEV,14.15
2016,FEV,14.15
2016,FEV,14.15
2016,FEV,14.15
2016,FEV,14.15
2016,FEV,14.15
2016,FEV,14.15
2016,FEV,14.15
2016,FEV,14.15
2016,FEV,14.15
2016,FEV,14.15
2016,FEV,14.15
2016,FEV,14.15
2016,FEV,14.15
2016,FEV,14.15
2016,FEV,14.15
2016,FEV,14.15
2016,FEV,14.15
2016,FEV,14.15
2016,MAR,14.15
2016,MAR,14.15
2016,MAR,14.15
2016,MAR,14.15
2016,MAR,14.15
2016,MAR,14.15
2016,MAR,14.15
2016,MAR,14.15
2016,MAR,14.15
2016,MAR,14.15
2016,MAR,14.15
2016,MAR,14.15
2016,MAR,14.15
2016,MAR,14.15
2016,MAR,14.15
2016,MAR,14.15
2016,MAR,14.15
2016,MAR,14.15
2016,MAR,14.15
2016,MAR,14.15
2016,MAR,14.15
2016,MAR,14.15
2016,ABR,14.15
2016,ABR,14.15
2016,ABR,14.15
2016,ABR,14.15
2016,ABR,14.15
2016,ABR,14.15
2016,ABR,14.15
2016,ABR,14.15
2016,ABR,14.15
2016,ABR,14.15
2016,ABR,14.15
2016,ABR,14.15
2016,ABR,14.15
2016,ABR,14.15
2016,ABR,14.15
2016,ABR,14.15
2016,ABR,14.15
2016,ABR,14.15
2016,ABR,14.15
2016,ABR,14.15
2016,MAI,14.15
2016,MAI,14.15
2016,MAI,14.15
2016,MAI,14.15
2016,MAI,14.15
2016,MAI,14.15
2016,MAI,14.15
2016,MAI,14.15
2016,MAI,14.15
2016,MAI,14.15
2016,MAI,14.15
2016,MAI,14.15
2016,MAI,14.15
2016,MAI,14.15
2016,MAI,14.15
2016,MAI,14.15
2016,MAI,14.15
2016,MAI,14.15
2016,MAI,14.15
2016,MAI,14.15
2016,MAI,14.15
2016,JUN,14.15
2016,JUN,14.15
2016,JUN,14.15
2016,JUN,14.15
2016,JUN,14.15
2016,JUN,14.15
2016,JUN,14.15
2016,JUN,14.15
2016,JUN,14.15
2016,JUN,14.15
2016,JUN,14.15
2016,JUN,14.15
2016,JUN,14.15
2016,JUN,14.15
2016,JUN,14.15
2016,JUN,14.15
2016,JUN,14.15
2016,JUN,14.15
2016,JUN,14.15
2016,JUN,14.15
2016,JUN,14.15
2016,JUN,14.15
2016,JUL,14.15
2016,JUL,14.15
2016,JUL,14.15
2016,JUL,14.15
2016,JUL,14.15
2016,JUL,14.15
2016,JUL,14.15
2016,JUL,14.15
2016,JUL,14.15
2016,JUL,14.15
2016,JUL,14.15
2016,JUL,14.15
2016,JUL,14.15
2016,JUL,14.15
2016,JUL,14.15
2016,JUL,14.15
2016,JUL,14.15
2016,JUL,14.15
2016,JUL,14.15
2016,JUL,14.15
2016,JUL,14.15
2016,AGO,14.15
2016,AGO,14.15
2016,AGO,14.15
2016,AGO,14.15
2016,AGO,14.15
2016,AGO,14.15
2016,AGO,14.15
2016,AGO,14.15
2016,AGO,14.15
2016,AGO,14.15
2016,AGO,14.15
2016,AGO,14.15
2016,AGO,14.15
2016,AGO,14.15
2016,AGO,14.15
2016,AGO,14.15
2016,AGO,14.15
2016,AGO,14.15
2016,AGO,14.15
2016,AGO,14.15
2016,AGO,14.15
2016,AGO,14.15
2016,AGO,14.15
2016,SET,14.15
2016,SET,14.15
2016,SET,14.15
2016,SET,14.15
2016,SET,14.15
2016,SET,14.15
2016,SET,14.15
2016,SET,14.15
2016,SET,14.15
2016,SET,14.15
2016,SET,14.15
2016,SET,14.15
2016,SET,14.15
2016,SET,14.15
2016,SET,14.15
2016,SET,14.15
2016,SET,14.15
2016,SET,14.15
2016,SET,14.15
2016,SET,14.15
2016,SET,14.15
2016,OUT,14.15
2016,OUT,14.15
2016,OUT,14.15
2016,OUT,14.15
2016,OUT,14.15
2016,OUT,14.15
2016,OUT,14.15
2016,OUT,14.15
2016,OUT,14.15
2016,OUT,14.15
2016,OUT,14.15
2016,OUT,14.15
2016,OUT,13.9
2016,OUT,13.9
2016,OUT,13.9
2016,OUT,13.9
2016,OUT,13.9
2016,OUT,13.9
2016,OUT,13.9
2016,OUT,13.9
2016,NOV,13.9
2016,NOV,13.9
2016,NOV,13.9
2016,NOV,13.9
2016,NOV,13.9
2016,NOV,13.9
2016,NOV,13.9
2016,NOV,13.9
2016,NOV,13.9
2016,NOV,13.9
2016,NOV,13.9
2016,NOV,13.9
2016,NOV,13.9
2016,NOV,13.9
2016,NOV,13.9
2016,NOV,13.9
2016,NOV,13.9
2016,NOV,13.9
2016,NOV,13.9
2016,NOV,13.9
2016,DEZ,13.65
2016,DEZ,13.65
2016,DEZ,13.65
2016,DEZ,13.65
2016,DEZ,13.65
2016,DEZ,13.65
2016,DEZ,13.65
2016,DEZ,13.65
2016,DEZ,13.65
2016,DEZ,13.65
2016,DEZ,13.65
2016,DEZ,13.65
2016,DEZ,13.65
2016,DEZ,13.65
2016,DEZ,13.65
2016,DEZ,13.65
2016,DEZ,13.65
2016,DEZ,13.65
2016,DEZ,13.65
2016,DEZ,13.65
2016,DEZ,13.65
2016,DEZ,13.65
2017,JAN,13.65
2017,JAN,13.65
2017,JAN,13.65
2017,JAN,13.65
2017,JAN,13.65
2017,JAN,13.65
2017,JAN,13.65
2017,JAN,13.65
2017,JAN,12.9
2017,JAN,12.9
2017,JAN,12.9
2017,JAN,12.9
2017,JAN,12.9
2017,JAN,12.9
2017,JAN,12.9
2017,JAN,12.9
2017,JAN,12.9
2017,JAN,12.9
2017,JAN,12.9
2017,JAN,12.9
2017,JAN,12.9
2017,JAN,12.9
2017,FEV,12.9
2017,FEV,12.9
2017,FEV,12.9
2017,FEV,12.9
2017,FEV,12.9
2017,FEV,12.9
2017,FEV,12.9
2017,FEV,12.9
2017,FEV,12.9
2017,FEV,12.9
2017,FEV,12.9
2017,FEV,12.9
2017,FEV,12.9
2017,FEV,12.9
2017,FEV,12.9
2017,FEV,12.9
2017,FEV,12.15
2017,FEV,12.15
2017,MAR,12.15
2017,MAR,12.15
2017,MAR,12.15
2017,MAR,12.15
2017,MAR,12.15
2017,MAR,12.15
2017,MAR,12.15
2017,MAR,12.15
2017,MAR,12.15
2017,MAR,12.15
2017,MAR,12.15
2017,MAR,12.15
2017,MAR,12.15
2017,MAR,12.15
2017,MAR,12.15
2017,MAR,12.15
2017,MAR,12.15
2017,MAR,12.15
2017,MAR,12.15
2017,MAR,12.15
2017,MAR,12.15
2017,MAR,12.15
2017,MAR,12.15
2017,ABR,12.15
2017,ABR,12.15
2017,ABR,12.15
2017,ABR,12.15
2017,ABR,12.15
2017,ABR,12.15
2017,ABR,12.15
2017,ABR,12.15
2017,ABR,11.15
2017,ABR,11.15
2017,ABR,11.15
2017,ABR,11.15
2017,ABR,11.15
2017,ABR,11.15
2017,ABR,11.15
2017,ABR,11.15
2017,ABR,11.15
2017,ABR,11.15
2017,MAI,11.15
2017,MAI,11.15
2017,MAI,11.15
2017,MAI,11.15
2017,MAI,11.15
2017,MAI,11.15
2017,MAI,11.15
2017,MAI,11.15
2017,MAI,11.15
2017,MAI,11.15
2017,MAI,11.15
2017,MAI,11.15
2017,MAI,11.15
2017,MAI,11.15
2017,MAI,11.15
2017,MAI,11.15
2017,MAI,11.15
2017,MAI,11.15
2017,MAI,11.15
2017,MAI,11.15
2017,MAI,11.15
2017,MAI,11.15
2017,JUN,10.15
2017,JUN,10.15
2017,JUN,10.15
2017,JUN,10.15
2017,JUN,10.15
2017,JUN,10.15
2017,JUN,10.15
2017,JUN,10.15
2017,JUN,10.15
2017,JUN,10.15
2017,JUN,10.15
2017,JUN,10.15
2017,JUN,10.15
2017,JUN,10.15
2017,JUN,10.15
2017,JUN,10.15
2017,JUN,10.15
2017,JUN,10.15
2017,JUN,10.15
2017,JUN,10.15
2017,JUN,10.15
2017,JUL,10.15
2017,JUL,10.15
2017,JUL,10.15
2017,JUL,10.15
2017,JUL,10.15
2017,JUL,10.15
2017,JUL,10.15
2017,JUL,10.15
2017,JUL,10.15
2017,JUL,10.15
2017,JUL,10.15
2017,JUL,10.15
2017,JUL,10.15
2017,JUL,10.15
2017,JUL,10.15
2017,JUL,10.15
2017,JUL,10.15
2017,JUL,10.15
2017,JUL,9.15
2017,JUL,9.15
2017,JUL,9.15
2017,AGO,9.15
2017,AGO,9.15
2017,AGO,9.15
2017,AGO,9.15
2017,AGO,9.15
2017,AGO,9.15
2017,AGO,9.15
2017,AGO,9.15
2017,AGO,9.15
2017,AGO,9.15
2017,AGO,9.15
2017,AGO,9.15
2017,AGO,9.15
2017,AGO,9.15
2017,AGO,9.15
2017,AGO,9.15
2017,AGO,9.15
2017,AGO,9.15
2017,AGO,9.15
2017,AGO,9.15
2017,AGO,9.15
2017,AGO,9.15
2017,AGO,9.15
2017,SET,9.15
2017,SET,9.15
2017,SET,9.15
2017,SET,9.15
2017,SET,8.15
2017,SET,8.15
2017,SET,8.15
2017,SET,8.15
2017,SET,8.15
2017,SET,8.15
2017,SET,8.15
2017,SET,8.15
2017,SET,8.15
2017,SET,8.15
2017,SET,8.15
2017,SET,8.15
2017,SET,8.15
2017,SET,8.15
2017,SET,8.15
2017,SET,8.15
2017,OUT,8.15
2017,OUT,8.15
2017,OUT,8.15
2017,OUT,8.15
2017,OUT,8.15
2017,OUT,8.15
2017,OUT,8.15
2017,OUT,8.15
2017,OUT,8.15
2017,OUT,8.15
2017,OUT,8.15
2017,OUT,8.15
2017,OUT,8.15
2017,OUT,8.15
2017,OUT,8.15
2017,OUT,8.15
2017,OUT,8.15
2017,OUT,7.4
2017,OUT,7.4
2017,OUT,7.4
2017,OUT,7.4
2017,NOV,7.4
2017,NOV,7.4
2017,NOV,7.4
2017,NOV,7.4
2017,NOV,7.4
2017,NOV,7.4
2017,NOV,7.4
2017,NOV,7.4
2017,NOV,7.4
2017,NOV,7.4
2017,NOV,7.4
2017,NOV,7.4
2017,NOV,7.4
2017,NOV,7.4
2017,NOV,7.4
2017,NOV,7.4
2017,NOV,7.4
2017,NOV,7.4
2017,NOV,7.4
2017,NOV,7.4
2017,DEZ,7.4
2017,DEZ,7.4
2017,DEZ,7.4
2017,DEZ,7.4
2017,DEZ,6.9
2017,DEZ,6.9
2017,DEZ,6.9
2017,DEZ,6.9
2017,DEZ,6.9
2017,DEZ,6.9
2017,DEZ,6.9
2017,DEZ,6.9
2017,DEZ,6.9
2017,DEZ,6.9
2017,DEZ,6.9
2017,DEZ,6.9
2017,DEZ,6.9
2017,DEZ,6.9
2017,DEZ,6.9
2017,DEZ,6.9
2018,JAN,6.9
2018,JAN,6.9
2018,JAN,6.9
2018,JAN,6.9
2018,JAN,6.9
2018,JAN,6.9
2018,JAN,6.9
2018,JAN,6.9
2018,JAN,6.9
2018,JAN,6.9
2018,JAN,6.9
2018,JAN,6.9
2018,JAN,6.9
2018,JAN,6.9
2018,JAN,6.9
2018,JAN,6.9
2018,JAN,6.9
2018,JAN,6.9
2018,JAN,6.9
2018,JAN,6.9
2018,JAN,6.9
2018,JAN,6.9
2018,FEV,6.9
2018,FEV,6.9
2018,FEV,6.9
2018,FEV,6.9
2018,FEV,6.9
2018,FEV,6.65
2018,FEV,6.65
2018,FEV,6.65
2018,FEV,6.65
2018,FEV,6.65
2018,FEV,6.65
2018,FEV,6.65
2018,FEV,6.65
2018,FEV,6.65
2018,FEV,6.65
2018,FEV,6.65
2018,FEV,6.65
2018,FEV,6.65
2018,MAR,6.65
2018,MAR,6.65
2018,MAR,6.65
2018,MAR,6.65
2018,MAR,6.65
2018,MAR,6.65
2018,MAR,6.65
2018,MAR,6.65
2018,MAR,6.65
2018,MAR,6.65
2018,MAR,6.65
2018,MAR,6.65
2018,MAR,6.65
2018,MAR,6.65
2018,MAR,6.65
2018,MAR,6.4
2018,MAR,6.4
2018,MAR,6.4
2018,MAR,6.4
2018,MAR,6.4
2018,MAR,6.4
2018,ABR,6.4
2018,ABR,6.4
2018,ABR,6.4
2018,ABR,6.4
2018,ABR,6.4
2018,ABR,6.4
2018,ABR,6.4
2018,ABR,6.4
2018,ABR,6.4
2018,ABR,6.4
2018,ABR,6.4
2018,ABR,6.4
2018,ABR,6.4
2018,ABR,6.4
2018,ABR,6.4
2018,ABR,6.4
2018,ABR,6.4
2018,ABR,6.4
2018,ABR,6.4
2018,ABR,6.4
2018,ABR,6.4
2018,MAI,6.4
2018,MAI,6.4
2018,MAI,6.4
2018,MAI,6.4
2018,MAI,6.4
2018,MAI,6.4
2018,MAI,6.4
2018,MAI,6.4
2018,MAI,6.4
2018,MAI,6.4
2018,MAI,6.4
2018,MAI,6.4
2018,MAI,6.4
2018,MAI,6.4
2018,MAI,6.4
2018,MAI,6.4
2018,MAI,6.4
2018,MAI,6.4
2018,MAI,6.4
2018,MAI,6.4
2018,MAI,6.4
2018,JUN,6.4
2018,JUN,6.4
2018,JUN,6.4
2018,JUN,6.4
2018,JUN,6.4
2018,JUN,6.4
2018,JUN,6.4
2018,JUN,6.4
2018,JUN,6.4
2018,JUN,6.4
2018,JUN,6.4
2018,JUN,6.4
2018,JUN,6.4
2018,JUN,6.4
2018,JUN,6.4
2018,JUN,6.4
2018,JUN,6.4
2018,JUN,6.4
2018,JUN,6.4
2018,JUN,6.4
2018,JUN,6.4
2018,JUL,6.4
2018,JUL,6.4
2018,JUL,6.4
2018,JUL,6.4
2018,JUL,6.4
2018,JUL,6.4
2018,JUL,6.4
2018,JUL,6.4
2018,JUL,6.4
2018,JUL,6.4
2018,JUL,6.4
2018,JUL,6.4
2018,JUL,6.4
2018,JUL,6.4
2018,JUL,6.4
2018,JUL,6.4
2018,JUL,6.4
2018,JUL,6.4
2018,JUL,6.4
2018,JUL,6.4
2018,JUL,6.4
2018,JUL,6.4
2018,AGO,6.4
2018,AGO,6.4
2018,AGO,6.4
2018,AGO,6.4
2018,AGO,6.4
2018,AGO,6.4
2018,AGO,6.4
2018,AGO,6.4
2018,AGO,6.4
2018,AGO,6.4
2018,AGO,6.4
2018,AGO,6.4
2018,AGO,6.4
2018,AGO,6.4
2018,AGO,6.4
2018,AGO,6.4
2018,AGO,6.4
2018,AGO,6.4
2018,AGO,6.4
2018,AGO,6.4
2018,AGO,6.4
2018,AGO,6.4
2018,AGO,6.4
2018,SET,6.4
2018,SET,6.4
2018,SET,6.4
2018,SET,6.4
2018,SET,6.4
2018,SET,6.4
2018,SET,6.4
2018,SET,6.4
2018,SET,6.4
2018,SET,6.4
2018,SET,6.4
2018,SET,6.4
2018,SET,6.4
2018,SET,6.4
2018,SET,6.4
2018,SET,6.4
2018,SET,6.4
2018,SET,6.4
2018,SET,6.4
2018,OUT,6.4
2018,OUT,6.4
2018,OUT,6.4
2018,OUT,6.4
2018,OUT,6.4
2018,OUT,6.4
2018,OUT,6.4
2018,OUT,6.4
2018,OUT,6.4
2018,OUT,6.4
2018,OUT,6.4
2018,OUT,6.4
2018,OUT,6.4
2018,OUT,6.4
2018,OUT,6.4
2018,OUT,6.4
2018,OUT,6.4
2018,OUT,6.4
2018,OUT,6.4
2018,OUT,6.4
2018,OUT,6.4
2018,OUT,6.4
2018,NOV,6.4
2018,NOV,6.4
2018,NOV,6.4
2018,NOV,6.4
2018,NOV,6.4
2018,NOV,6.4
2018,NOV,6.4
2018,NOV,6.4
2018,NOV,6.4
2018,NOV,6.4
2018,NOV,6.4
2018,NOV,6.4
2018,NOV,6.4
2018,NOV,6.4
2018,NOV,6.4
2018,NOV,6.4
2018,NOV,6.4
2018,NOV,6.4
2018,NOV,6.4
2018,NOV,6.4
2018,DEZ,6.4
2018,DEZ,6.4
2018,DEZ,6.4
2018,DEZ,6.4
2018,DEZ,6.4
2018,DEZ,6.4
2018,DEZ,6.4
2018,DEZ,6.4
2018,DEZ,6.4
2018,DEZ,6.4
2018,DEZ,6.4
2018,DEZ,6.4
2018,DEZ,6.4
2018,DEZ,6.4
2018,DEZ,6.4
2018,DEZ,6.4
2018,DEZ,6.4
2018,DEZ,6.4
2018,DEZ,6.4
2018,DEZ,6.4
2019,JAN,6.4
2019,JAN,6.4
2019,JAN,6.4
2019,JAN,6.4
2019,JAN,6.4
2019,JAN,6.4
2019,JAN,6.4
2019,JAN,6.4
2019,JAN,6.4
2019,JAN,6.4
2019,JAN,6.4
2019,JAN,6.4
2019,JAN,6.4
2019,JAN,6.4
2019,JAN,6.4
2019,JAN,6.4
2019,JAN,6.4
2019,JAN,6.4
2019,JAN,6.4
2019,JAN,6.4
2019,JAN,6.4
2019,JAN,6.4
2019,FEV,6.4
2019,FEV,6.4
2019,FEV,6.4
2019,FEV,6.4
2019,FEV,6.4
2019,FEV,6.4
2019,FEV,6.4
2019,FEV,6.4
2019,FEV,6.4
2019,FEV,6.4
2019,FEV,6.4
2019,FEV,6.4
2019,FEV,6.4
2019,FEV,6.4
2019,FEV,6.4
2019,FEV,6.4
2019,FEV,6.4
2019,FEV,6.4
2019,FEV,6.4
2019,FEV,6.4
2019,MAR,6.4
2019,MAR,6.4
2019,MAR,6.4
2019,MAR,6.4
2019,MAR,6.4
2019,MAR,6.4
2019,MAR,6.4
2019,MAR,6.4
2019,MAR,6.4
2019,MAR,6.4
2019,MAR,6.4
2019,MAR,6.4
2019,MAR,6.4
2019,MAR,6.4
2019,MAR,6.4
2019,MAR,6.4
2019,MAR,6.4
2019,MAR,6.4
2019,MAR,6.4
2019,ABR,6.4
2019,ABR,6.4
2019,ABR,6.4
2019,ABR,6.4
2019,ABR,6.4
2019,ABR,6.4
2019,ABR,6.4
2019,ABR,6.4
2019,ABR,6.4
2019,ABR,6.4
2019,ABR,6.4
2019,ABR,6.4
2019,ABR,6.4
2019,ABR,6.4
2019,ABR,6.4
2019,ABR,6.4
2019,ABR,6.4
2019,ABR,6.4
2019,ABR,6.4
2019,ABR,6.4
2019,ABR,6.4
2019,MAI,6.4
2019,MAI,6.4
2019,MAI,6.4
2019,MAI,6.4
2019,MAI,6.4
2019,MAI,6.4
2019,MAI,6.4
2019,MAI,6.4
2019,MAI,6.4
2019,MAI,6.4
2019,MAI,6.4
2019,MAI,6.4
2019,MAI,6.4
2019,MAI,6.4
2019,MAI,6.4
2019,MAI,6.4
2019,MAI,6.4
2019,MAI,6.4
2019,MAI,6.4
2019,MAI,6.4
2019,MAI,6.4
2019,MAI,6.4
2019,JUN,6.4
2019,JUN,6.4
2019,JUN,6.4
2019,JUN,6.4
2019,JUN,6.4
2019,JUN,6.4
2019,JUN,6.4
2019,JUN,6.4
2019,JUN,6.4
2019,JUN,6.4
2019,JUN,6.4
2019,JUN,6.4
2019,JUN,6.4
2019,JUN,6.4
2019,JUN,6.4
2019,JUN,6.4
2019,JUN,6.4
2019,JUN,6.4
2019,JUN,6.4
2019,JUL,6.4
2019,JUL,6.4
2019,JUL,6.4
2019,JUL,6.4
2019,JUL,6.4
2019,JUL,6.4
2019,JUL,6.4
2019,JUL,6.4
2019,JUL,6.4
2019,JUL,6.4
2019,JUL,6.4
2019,JUL,6.4
2019,JUL,6.4
2019,JUL,6.4
2019,JUL,6.4
2019,JUL,6.4
2019,JUL,6.4
2019,JUL,6.4
2019,JUL,6.4
2019,JUL,6.4
2019,JUL,6.4
2019,JUL,6.4
2019,JUL,6.4
2019,AGO,5.9
2019,AGO,5.9
2019,AGO,5.9
2019,AGO,5.9
2019,AGO,5.9
2019,AGO,5.9
2019,AGO,5.9
2019,AGO,5.9
2019,AGO,5.9
2019,AGO,5.9
2019,AGO,5.9
2019,AGO,5.9
2019,AGO,5.9
2019,AGO,5.9
2019,AGO,5.9
2019,AGO,5.9
2019,AGO,5.9
2019,AGO,5.9
2019,AGO,5.9
2019,AGO,5.9
2019,AGO,5.9
2019,AGO,5.9
2019,SET,5.9
2019,SET,5.9
2019,SET,5.9
2019,SET,5.9
2019,SET,5.9
2019,SET,5.9
2019,SET,5.9
2019,SET,5.9
2019,SET,5.9
2019,SET,5.9
2019,SET,5.9
2019,SET,5.9
2019,SET,5.9
2019,SET,5.4
2019,SET,5.4
2019,SET,5.4
2019,SET,5.4
2019,SET,5.4
2019,SET,5.4
2019,SET,5.4
2019,SET,5.4
2019,OUT,5.4
2019,OUT,5.4
2019,OUT,5.4
2019,OUT,5.4
2019,OUT,5.4
2019,OUT,5.4
2019,OUT,5.4
2019,OUT,5.4
2019,OUT,5.4
2019,OUT,5.4
2019,OUT,5.4
2019,OUT,5.4
2019,OUT,5.4
2019,OUT,5.4
2019,OUT,5.4
2019,OUT,5.4
2019,OUT,5.4
2019,OUT,5.4
2019,OUT,5.4
2019,OUT,5.4
2019,OUT,5.4
2019,OUT,5.4
2019,OUT,4.9
2019,NOV,4.9
2019,NOV,4.9
2019,NOV,4.9
2019,NOV,4.9
2019,NOV,4.9
2019,NOV,4.9
2019,NOV,4.9
2019,NOV,4.9
2019,NOV,4.9
2019,NOV,4.9
2019,NOV,4.9
2019,NOV,4.9
2019,NOV,4.9
2019,NOV,4.9
2019,NOV,4.9
2019,NOV,4.9
2019,NOV,4.9
2019,NOV,4.9
2019,NOV,4.9
2019,NOV,4.9
2019,DEZ,4.9
2019,DEZ,4.9
2019,DEZ,4.9
2019,DEZ,4.9
2019,DEZ,4.9
2019,DEZ,4.9
2019,DEZ,4.9
2019,DEZ,4.9
2019,DEZ,4.4
2019,DEZ,4.4
2019,DEZ,4.4
2019,DEZ,4.4
2019,DEZ,4.4
2019,DEZ,4.4
2019,DEZ,4.4
2019,DEZ,4.4
2019,DEZ,4.4
2019,DEZ,4.4
2019,DEZ,4.4
2019,DEZ,4.4
2019,DEZ,4.4
2020,JAN,4.4
2020,JAN,4.4
2020,JAN,4.4
2020,JAN,4.4
2020,JAN,4.4
2020,JAN,4.4
2020,JAN,4.4
2020,JAN,4.4
2020,JAN,4.4
2020,JAN,4.4
2020,JAN,4.4
2020,JAN,4.4
2020,JAN,4.4
2020,JAN,4.4
2020,JAN,4.4
2020,JAN,4.4
2020,JAN,4.4
2020,JAN,4.4
2020,JAN,4.4
2020,JAN,4.4
2020,JAN,4.4
2020,JAN,4.4
2020,FEV,4.4
2020,FEV,4.4
2020,FEV,4.4
2020,FEV,4.15
2020,FEV,4.15
2020,FEV,4.15
2020,FEV,4.15
2020,FEV,4.15
2020,FEV,4.15
2020,FEV,4.15
2020,FEV,4.15
2020,FEV,4.15
2020,FEV,4.15
2020,FEV,4.15
2020,FEV,4.15
2020,FEV,4.15
2020,FEV,4.15
2020,FEV,4.15
2020,MAR,4.15
2020,MAR,4.15
2020,MAR,4.15
2020,MAR,4.15
2020,MAR,4.15
2020,MAR,4.15
2020,MAR,4.15
2020,MAR,4.15
2020,MAR,4.15
2020,MAR,4.15
2020,MAR,4.15
2020,MAR,4.15
2020,MAR,4.15
2020,MAR,3.65
2020,MAR,3.65
2020,MAR,3.65
2020,MAR,3.65
2020,MAR,3.65
2020,MAR,3.65
2020,MAR,3.65
2020,MAR,3.65
2020,MAR,3.65
2020,ABR,3.65
2020,ABR,3.65
2020,ABR,3.65
2020,ABR,3.65
2020,ABR,3.65
2020,ABR,3.65
2020,ABR,3.65
2020,ABR,3.65
2020,ABR,3.65
2020,ABR,3.65
2020,ABR,3.65
2020,ABR,3.65
2020,ABR,3.65
2020,ABR,3.65
2020,ABR,3.65
2020,ABR,3.65
2020,ABR,3.65
2020,ABR,3.65
2020,ABR,3.65
2020,ABR,3.65
2020,MAI,3.65
2020,MAI,3.65
2020,MAI,3.65
2020,MAI,2.9
2020,MAI,2.9
2020,MAI,2.9
2020,MAI,2.9
2020,MAI,2.9
2020,MAI,2.9
2020,MAI,2.9
2020,MAI,2.9
2020,MAI,2.9
2020,MAI,2.9
2020,MAI,2.9
2020,MAI,2.9
2020,MAI,2.9
2020,MAI,2.9
2020,MAI,2.9
2020,MAI,2.9
2020,MAI,2.9
2020,JUN,2.9
2020,JUN,2.9
2020,JUN,2.9
2020,JUN,2.9
2020,JUN,2.9
2020,JUN,2.9
2020,JUN,2.9
2020,JUN,2.9
2020,JUN,2.9
2020,JUN,2.9
2020,JUN,2.9
2020,JUN,2.9
2020,JUN,2.15
2020,JUN,2.15
2020,JUN,2.15
2020,JUN,2.15
2020,JUN,2.15
2020,JUN,2.15
2020,JUN,2.15
2020,JUN,2.15
2020,JUN,2.15
2020,JUL,2.15
2020,JUL,2.15
2020,JUL,2.15
2020,JUL,2.15
2020,JUL,2.15
2020,JUL,2.15
2020,JUL,2.15
2020,JUL,2.15
2020,JUL,2.15
2020,JUL,2.15
2020,JUL,2.15
2020,JUL,2.15
2020,JUL,2.15
2020,JUL,2.15
2020,JUL,2.15
2020,JUL,2.15
2020,JUL,2.15
2020,JUL,2.15
2020,JUL,2.15
2020,JUL,2.15
2020,JUL,2.15
2020,JUL,2.15
2020,JUL,2.15
2020,AGO,2.15
2020,AGO,2.15
2020,AGO,2.15
2020,AGO,1.9
2020,AGO,1.9
2020,AGO,1.9
2020,AGO,1.9
2020,AGO,1.9
2020,AGO,1.9
2020,AGO,1.9
2020,AGO,1.9
2020,AGO,1.9
2020,AGO,1.9
2020,AGO,1.9
2020,AGO,1.9
2020,AGO,1.9
2020,AGO,1.9
2020,AGO,1.9
2020,AGO,1.9
2020,AGO,1.9
2020,AGO,1.9
2020,SET,1.9
2020,SET,1.9
2020,SET,1.9
2020,SET,1.9
2020,SET,1.9
2020,SET,1.9
2020,SET,1.9
2020,SET,1.9
2020,SET,1.9
2020,SET,1.9
2020,SET,1.9
2020,SET,1.9
2020,SET,1.9
2020,SET,1.9
2020,SET,1.9
2020,SET,1.9
2020,SET,1.9
2020,SET,1.9
2020,SET,1.9
2020,SET,1.9
2020,SET,1.9
2020,OUT,1.9
2020,OUT,1.9
2020,OUT,1.9
2020,OUT,1.9
2020,OUT,1.9
2020,OUT,1.9
2020,OUT,1.9
2020,OUT,1.9
2020,OUT,1.9
2020,OUT,1.9
2020,OUT,1.9
2020,OUT,1.9
2020,OUT,1.9
2020,OUT,1.9
2020,OUT,1.9
2020,OUT,1.9
2020,OUT,1.9
2020,OUT,1.9
2020,OUT,1.9
2020,OUT,1.9
2020,OUT,1.9
2020,NOV,1.9
2020,NOV,1.9
2020,NOV,1.9
2020,NOV,1.9
2020,NOV,1.9
2020,NOV,1.9
2020,NOV,1.9
2020,NOV,1.9
2020,NOV,1.9
2020,NOV,1.9
2020,NOV,1.9
2020,NOV,1.9
2020,NOV,1.9
2020,NOV,1.9
2020,NOV,1.9
2020,NOV,1.9
2020,NOV,1.9
2020,NOV,1.9
2020,NOV,1.9
2020,NOV,1.9
2020,DEZ,1.9
2020,DEZ,1.9
2020,DEZ,1.9
2020,DEZ,1.9
2020,DEZ,1.9
2020,DEZ,1.9
2020,DEZ,1.9
2020,DEZ,1.9
2020,DEZ,1.9
2020,DEZ,1.9
2020,DEZ,1.9
2020,DEZ,1.9
2020,DEZ,1.9
2020,DEZ,1.9
2020,DEZ,1.9
2020,DEZ,1.9
2020,DEZ,1.9
2020,DEZ,1.9
2020,DEZ,1.9
2020,DEZ,1.9
2020,DEZ,1.9
2020,DEZ,1.9
2021,JAN,1.9
2021,JAN,1.9
2021,JAN,1.9
2021,JAN,1.9
2021,JAN,1.9
2021,JAN,1.9
2021,JAN,1.9
2021,JAN,1.9
2021,JAN,1.9
2021,JAN,1.9
2021,JAN,1.9
2021,JAN,1.9
2021,JAN,1.9
2021,JAN,1.9
2021,JAN,1.9
2021,JAN,1.9
2021,JAN,1.9
2021,JAN,1.9
2021,JAN,1.9
2021,JAN,1.9
2021,FEV,1.9
2021,FEV,1.9
2021,FEV,1.9
2021,FEV,1.9
2021,FEV,1.9
2021,FEV,1.9
2021,FEV,1.9
2021,FEV,1.9
2021,FEV,1.9
2021,FEV,1.9
2021,FEV,1.9
2021,FEV,1.9
2021,FEV,1.9
2021,FEV,1.9
2021,FEV,1.9
2021,FEV,1.9
2021,FEV,1.9
2021,FEV,1.9
2021,MAR,1.9
2021,MAR,1.9
2021,MAR,1.9
2021,MAR,1.9
2021,MAR,1.9
2021,MAR,1.9
2021,MAR,1.9
2021,MAR,1.9
2021,MAR,1.9
2021,MAR,1.9
2021,MAR,1.9
2021,MAR,1.9
2021,MAR,1.9
2021,MAR,2.65
2021,MAR,2.65
2021,MAR,2.65
2021,MAR,2.65
2021,MAR,2.65
2021,MAR,2.65
2021,MAR,2.65
2021,MAR,2.65
2021,MAR,2.65
2021,MAR,2.65
2021,ABR,2.65
2021,ABR,2.65
2021,ABR,2.65
2021,ABR,2.65
2021,ABR,2.65
2021,ABR,2.65
2021,ABR,2.65
2021,ABR,2.65
2021,ABR,2.65
2021,ABR,2.65
2021,ABR,2.65
2021,ABR,2.65
2021,ABR,2.65
2021,ABR,2.65
2021,ABR,2.65
2021,ABR,2.65
2021,ABR,2.65
2021,ABR,2.65
2021,ABR,2.65
2021,ABR,2.65
2021,MAI,2.65
2021,MAI,2.65
2021,MAI,2.65
2021,MAI,3.4
2021,MAI,3.4
2021,MAI,3.4
2021,MAI,3.4
2021,MAI,3.4
2021,MAI,3.4
2021,MAI,3.4
2021,MAI,3.4
2021,MAI,3.4
2021,MAI,3.4
2021,MAI,3.4
2021,MAI,3.4
2021,MAI,3.4
2021,MAI,3.4
2021,MAI,3.4
2021,MAI,3.4
2021,MAI,3.4
2021,MAI,3.4
2021,JUN,3.4
2021,JUN,3.4
2021,JUN,3.4
2021,JUN,3.4
2021,JUN,3.4
2021,JUN,3.4
2021,JUN,3.4
2021,JUN,3.4
2021,JUN,3.4
2021,JUN,3.4
2021,JUN,3.4
2021,JUN,4.15
2021,JUN,4.15
2021,JUN,4.15
2021,JUN,4.15
2021,JUN,4.15
2021,JUN,4.15
2021,JUN,4.15
2021,JUN,4.15
2021,JUN,4.15
2021,JUN,4.15
2021,JUL,4.15
2021,JUL,4.15
2021,JUL,4.15
2021,JUL,4.15
2021,JUL,4.15
2021,JUL,4.15
2021,JUL,4.15
2021,JUL,4.15
2021,JUL,4.15
2021,JUL,4.15
2021,JUL,4.15
2021,JUL,4.15
2021,JUL,4.15
2021,JUL,4.15
2021,JUL,4.15
2021,JUL,4.15
2021,JUL,4.15
2021,JUL,4.15
2021,JUL,4.15
2021,JUL,4.15
2021,JUL,4.15
2021,JUL,4.15
2021,AGO,4.15
2021,AGO,4.15
2021,AGO,4.15
2021,AGO,5.15
2021,AGO,5.15
2021,AGO,5.15
2021,AGO,5.15
2021,AGO,5.15
2021,AGO,5.15
2021,AGO,5.15
2021,AGO,5.15
2021,AGO,5.15
2021,AGO,5.15
2021,AGO,5.15
2021,AGO,5.15
2021,AGO,5.15
2021,AGO,5.15
2021,AGO,5.15
2021,AGO,5.15
2021,AGO,5.15
2021,AGO,5.15
2021,AGO,5.15
2021,SET,5.15
2021,SET,5.15
2021,SET,5.15
2021,SET,5.15
2021,SET,5.15
2021,SET,5.15
2021,SET,5.15
2021,SET,5.15
2021,SET,5.15
2021,SET,5.15
2021,SET,5.15
2021,SET,5.15
2021,SET,5.15
2021,SET,5.15
2021,SET,5.15
2021,SET,6.15
2021,SET,6.15
2021,SET,6.15
2021,SET,6.15
2021,SET,6.15
2021,SET,6.15
2021,OUT,6.15
2021,OUT,6.15
2021,OUT,6.15
2021,OUT,6.15
2021,OUT,6.15
2021,OUT,6.15
2021,OUT,6.15
2021,OUT,6.15
2021,OUT,6.15
2021,OUT,6.15
2021,OUT,6.15
2021,OUT,6.15
2021,OUT,6.15
2021,OUT,6.15
2021,OUT,6.15
2021,OUT,6.15
2021,OUT,6.15
2021,OUT,6.15
2021,OUT,7.65
2021,OUT,7.65
2021,NOV,7.65
2021,NOV,7.65
2021,NOV,7.65
2021,NOV,7.65
2021,NOV,7.65
2021,NOV,7.65
2021,NOV,7.65
2021,NOV,7.65
2021,NOV,7.65
2021,NOV,7.65
2021,NOV,7.65
2021,NOV,7.65
2021,NOV,7.65
2021,NOV,7.65
2021,NOV,7.65
2021,NOV,7.65
2021,NOV,7.65
2021,NOV,7.65
2021,NOV,7.65
2021,NOV,7.65
2021,DEZ,7.65
2021,DEZ,7.65
2021,DEZ,7.65
2021,DEZ,7.65
2021,DEZ,7.65
2021,DEZ,7.65
2021,DEZ,9.15
2021,DEZ,9.15
2021,DEZ,9.15
2021,DEZ,9.15
2021,DEZ,9.15
2021,DEZ,9.15
2021,DEZ,9.15
2021,DEZ,9.15
2021,DEZ,9.15
2021,DEZ,9.15
2021,DEZ,9.15
2021,DEZ,9.15
2021,DEZ,9.15
2021,DEZ,9.15
2021,DEZ,9.15
2021,DEZ,9.15
2021,DEZ,9.15
2022,JAN,9.15
2022,JAN,9.15
2022,JAN,9.15
2022,JAN,9.15
2022,JAN,9.15
2022,JAN,9.15
2022,JAN,9.15
2022,JAN,9.15
2022,JAN,9.15
2022,JAN,9.15
2022,JAN,9.15
2022,JAN,9.15
2022,JAN,9.15
2022,JAN,9.15
2022,JAN,9.15
2022,JAN,9.15
2022,JAN,9.15
2022,JAN,9.15
2022,JAN,9.15
2022,JAN,9.15
2022,JAN,9.15
2022,FEV,9.15
2022,FEV,9.15
2022,FEV,10.65
2022,FEV,10.65
2022,FEV,10.65
2022,FEV,10.65
2022,FEV,10.65
2022,FEV,10.65
2022,FEV,10.65
2022,FEV,10.65
2022,FEV,10.65
2022,FEV,10.65
2022,FEV,10.65
2022,FEV,10.65
2022,FEV,10.65
2022,FEV,10.65
2022,FEV,10.65
2022,FEV,10.65
2022,FEV,10.65
2022,MAR,10.65
2022,MAR,10.65
2022,MAR,10.65
2022,MAR,10.65
2022,MAR,10.65
2022,MAR,10.65
2022,MAR,10.65
2022,MAR,10.65
2022,MAR,10.65
2022,MAR,10.65
2022,MAR,10.65
2022,MAR,11.65
2022,MAR,11.65
2022,MAR,11.65
2022,MAR,11.65
2022,MAR,11.65
2022,MAR,11.65
2022,MAR,11.65
2022,MAR,11.65
2022,MAR,11.65
2022,MAR,11.65
2022,MAR,11.65
2022,ABR,11.65
2022,ABR,11.65
2022,ABR,11.65
2022,ABR,11.65
2022,ABR,11.65
2022,ABR,11.65
2022,ABR,11.65
2022,ABR,11.65
2022,ABR,11.65
2022,ABR,11.65
2022,ABR,11.65
2022,ABR,11.65
2022,ABR,11.65
2022,ABR,11.65
2022,ABR,11.65
2022,ABR,11.65
2022,ABR,11.65
2022,ABR,11.65
2022,ABR,11.65
2022,MAI,11.65
2022,MAI,11.65
2022,MAI,11.65
2022,MAI,12.65
2022,MAI,12.65
2022,MAI,12.65
2022,MAI,12.65
2022,MAI,12.65
2022,MAI,12.65
2022,MAI,12.65
2022,MAI,12.65
2022,MAI,12.65
2022,MAI,12.65
2022,MAI,12.65
2022,MAI,12.65
2022,MAI,12.65
2022,MAI,12.65
2022,MAI,12.65
2022,MAI,12.65
2022,MAI,12.65
2022,MAI,12.65
2022,MAI,12.65
2022,JUN,12.65
2022,JUN,12.65
2022,JUN,12.65
2022,JUN,12.65
2022,JUN,12.65
2022,JUN,12.65
2022,JUN,12.65
2022,JUN,12.65
2022,JUN,12.65
2022,JUN,12.65
2022,JUN,12.65
2022,JUN,13.15
2022,JUN,13.15
2022,JUN,13.15
2022,JUN,13.15
2022,JUN,13.15
2022,JUN,13.15
2022,JUN,13.15
2022,JUN,13.15
2022,JUN,13.15
2022,JUN,13.15
2022,JUL,13.15
2022,JUL,13.15
2022,JUL,13.15
2022,JUL,13.15
2022,JUL,13.15
2022,JUL,13.15
2022,JUL,13.15
2022,JUL,13.15
2022,JUL,13.15
2022,JUL,13.15
2022,JUL,13.15
2022,JUL,13.15
2022,JUL,13.15
2022,JUL,13.15
2022,JUL,13.15
2022,JUL,13.15
2022,JUL,13.15
2022,JUL,13.15
2022,JUL,13.15
2022,JUL,13.15
2022,JUL,13.15
2022,AGO,13.15
2022,AGO,13.15
2022,AGO,13.15
2022,AGO,13.65
2022,AGO,13.65
2022,AGO,13.65
2022,AGO,13.65
2022,AGO,13.65
2022,AGO,13.65
2022,AGO,13.65
2022,AGO,13.65
2022,AGO,13.65
2022,AGO,13.65
2022,AGO,13.65
2022,AGO,13.65
2022,AGO,13.65
2022,AGO,13.65
2022,AGO,13.65
2022,AGO,13.65
2022,AGO,13.65
2022,AGO,13.65
2022,AGO,13.65
2022,AGO,13.65
2022,SET,13.65
2022,SET,13.65
2022,SET,13.65
2022,SET,13.65
2022,SET,13.65
2022,SET,13.65
2022,SET,13.65
2022,SET,13.65
2022,SET,13.65
2022,SET,13.65
2022,SET,13.65
2022,SET,13.65
2022,SET,13.65
2022,SET,13.65
2022,SET,13.65
2022,SET,13.65
2022,SET,13.65
2022,SET,13.65
2022,SET,13.65
2022,SET,13.65
2022,SET,13.65
2022,OUT,13.65
2022,OUT,13.65
2022,OUT,13.65
2022,OUT,13.65
2022,OUT,13.65
2022,OUT,13.65
2022,OUT,13.65
2022,OUT,13.65
2022,OUT,13.65
2022,OUT,13.65
2022,OUT,13.65
2022,OUT,13.65
2022,OUT,13.65
2022,OUT,13.65
2022,OUT,13.65
2022,OUT,13.65
2022,OUT,13.65
2022,OUT,13.65
2022,OUT,13.65
2022,OUT,13.65
2022,NOV,13.65
2022,NOV,13.65
2022,NOV,13.65
2022,NOV,13.65
2022,NOV,13.65
2022,NOV,13.65
2022,NOV,13.65
2022,NOV,13.65
2022,NOV,13.65
2022,NOV,13.65
2022,NOV,13.65
2022,NOV,13.65
2022,NOV,13.65
2022,NOV,13.65
2022,NOV,13.65
2022,NOV,13.65
2022,NOV,13.65
2022,NOV,13.65
2022,NOV,13.65
2022,NOV,13.65
2022,DEZ,13.65
2022,DEZ,13.65
2022,DEZ,13.65
2022,DEZ,13.65
2022,DEZ,13.65
2022,DEZ,13.65
2022,DEZ,13.65
2022,DEZ,13.65
2022,DEZ,13.65
2022,DEZ,13.65
2022,DEZ,13.65
2022,DEZ,13.65
2022,DEZ,13.65
2022,DEZ,13.65
2022,DEZ,13.65
2022,DEZ,13.65
2022,DEZ,13.65
2022,DEZ,13.65
2022,DEZ,13.65
2022,DEZ,13.65
2022,DEZ,13.65
2022,DEZ,13.65
2023,JAN,13.65
2023,JAN,13.65